2eia0myWFgoHuttJytCxgX|The Battle Of Los Angeles|['2d0hyoQ5ynDBnkvAbJKORj']|['7lmeHLHBe4nmXzuXc0HDjk', '1wsRitfRRtWyEapl0q22o8', '1hR0fIFK2qRG3f3RF70pb7', '2lbASgTSoDO7MTuLAXlTW0', '1MQTmpYOZ6fcMQc56Hdo7T', '2LXPNLSMAauNJfnC58lSqY', '3moeHk8eIajvUEzVocXukf', '4llunZfVXv3NvUzXVB3VVL', '21Mq0NzFoVRvOmLTOnJjng', '6s2FgJbnnMwFTpWJZzvb6z', '7o2Razxnl33Jrgz4PpMYNa', '3Hxu3Ey1TV9mZ5XqMXckiS']
4LaRYkT4oy47wEuQgkLBul|Rage Against The Machine|['2d0hyoQ5ynDBnkvAbJKORj']|['6ZU9RJIZ0fNaFuQM57bDIA', '3FUS56gKr9mVBmzvlnodlh', '3tTL7jlSkowXidYeafFtwG', '2vuDdXqekkDCSdawJyUpT6', '11cxKUEgnVAlesUKt4e3br', '1IDAJagxB9AQjjYXaiDK1j', '6zbHSDJjgrNdfIxPyGfPBt', '3YEk8mVdMI7rxtfimlUd1G', '0WK0EqiidP6WEDOHK34HEe', '1zVE9JBBy8j0KmlbM8Xwhi']
4evw6IBex3N8x1oA2axMTH|Do It for Love|['77tT1kLj6mCWtFNqiOmP9H']|['2SwgVZn9S4NGueAaEAryf1', '0QCQ1Isa0YPVyIbs6JwpO1', '3kIBEFhsZOeeKGebxRraOb', '5dNDRw6qjDcnbW3luRhElU', '561UU4MvlsCenN1x7leYCh', '5ytl6Ay8G7ucmujk9R3S0c', '0zjqm0VWOQT9is5gT9CTib', '5UMTzSiB8mMu9vuo2PZkhd', '6Uz62Rd9XadpjT8Zebgwq2', '7IYXfiXsiMdhcboT6Vw7Qu', '0dT5eHAqMNchKMw06dgyFW', '3nvfZxZcdZ5rIy8bxAr5fX', '2nWM35FPxkYAWHHv9hrczL', '1pxJE4N74aGkC6BbIUhq3P']
0eaPZK3nTV2Ei075j2t6Na|Fridays Child|['2U6gqwyl9F33YxawnFrZG7']|['5oLsi3F0C26MGnXJcnzQyB', '7xGWDXdFKvsapcORfJuloO', '0AqhwhQv1xnqCH9wzlQ7PE', '4mZsyuthp695XQWwb2g3qe', '5nvUqq0fvB0GN6mqzDc9Ey', '4KepeWvq5KfZUevd0cQ70T', '3VXoePG7JjYl2ay8fzLhtG', '41YN3uBz1PpFNZtmAAaSKS', '2nO4uKyReZHH7JS61yT2nS', '4L4Ug6ah2UXH3JDlpeduRf', '2JgPlDkLbdcRk5Jp3e7Pgm']
2yxoWG32Id6PzkER95aCtY|Dart To The Heart|['4sh4MHP7lhrSUakxwZzwqz']|['5Kz6iIkOBZepijORtkfEvj', '6uu5fXS1JPfX3pGArifC8A', '6AGrDsrNVFeTTl4sQHfqsY', '1MdS31xYweAsuwj7fdR8xA', '0rHW20CX7izpkFLVj6RhtM', '31v1dqATMAtTPlZjOE3Tou', '4M2EK2o9Zgy2jeqLVifARM', '59gijFhkwYNY2IAw0wg2PX', '1dVT2CbuH0j9rKco5dvkLI', '3bM7rvHfGmCxRPOiPE177Y', '2IHBrlBh7aurAatdXG2yTb', '7rrMXOKZNmoO10wgvwNj5H']
5JnLg2nd43M3NS4NfVrIdQ|Scarlet's Walk|['1KsASRNugxU85T0u6zSg32']|['6LiqMOJNu3pMKO6M1cTsgA', '7Kwmac3lkTQ8tPyAVQ0L8G', '5AYTqYsVCLGRZn260BdzhA', '23x2sdNqlVYtl5gWGyNFde', '5lRtnfrCah6ntObtZLbZTU', '6SlnEnfXXRN56646HSFcO5', '76zFGcQrel57hYKVLseQDN', '78ooTgHdUvkvmKqm5bw293', '5uvY2yM4HMKdwijMCPrd4x', '5qGqSVrQC55BPAKhJj5Ftv', '3UkYhZrL4RrjQbxxth6uQ0', '0AByf8LXqfnKa1UW7kbxsr', '1ymMLSCjjk9tuVC0ZhfmBh', '5p8pLI3XwrwiIdxdw2Rlgd', '2tu3GBzpVQfD8gtYsIm2o5', '4lDMOr82Ks0qcXSe9hp4f0', '1MjpQ68nD7GhX2GusCyPD5', '0UxGJ0eyqOdcPrOWCNJtmp']
747XdfKqkymjuvap8Lm1Hv|Rosaryville|['1NZA6DefBtQo2PgcmBtnTg']|['6RovFMOG0avksTizHRlbUi', '1PnJ0wTwdDQ2oTMlhLg3Ab', '4xSxXbvS2ImooFqVW0sM2Y', '2w5gwaI27Ek8fSCQdFiDNC', '75qoLt38t0tJMfArhH8n0f', '31Yy1JrQt97tWw0XOdfiLD', '3Lg2CVWLCtZQmVZNrPhck8', '58RIKzxWYD4CNGuRoP4jSL', '6RraLU76rC8zfIazhQnbXh', '4iGKOFTplr4vOjDAbGUKLU']
1xNWaXNMS8798hlEBxdVjL|New Life Faded|['3jfxxO6JNrzzhov82l1wX2']|['2z9z18lidxD3euusC3UaLx', '2nVW5BVneWEVqhfOzyNxwo', '2ZkLJzOAIa8mTRbNqMchGz', '6zLpXc5KrSN53HTviwOfgL', '0C5pv62j5dcazPrml3oGnE', '4FKggErzionSD7MdrEJPf2', '7tPDxnbL6pqGd8wesq9HLl']
7bYhJeHWcA2fQcrdLEI5gJ|Waste Of Mind|['6SiyKSeJo6gcsS2NvuAbsl']|['4NAm3aWUkQlQcAll13HVEt', '4VJE2QEGdEYa1I6sqbqC0r', '1ThKFoMgBmSy6IzZCx7RkM', '0Sfxy4ROJxdTK92CIQqcDJ', '399Y2XppdMAIHU0eWjw0u3', '2GtvF6M8PbpuWRvfdq5BK3', '32DdumVsgJrE6JWjZQPZQ0', '5XtlUa7sa0GqmrBMcqpNG3', '4piMTKQtY9yMu11VowfZ1E', '2GqczyjNgDuRm1ckhrhQCR', '5vwjJx6VnVj8Y43bQSb26k', '4smDo9NdHNLe8CFzX9KptZ', '6GoC5TMgK4S08xHutcl9SS', '5zy5GyMMR1ki2yJdQcA2zK']
16707paUqnfatdD8OwN3Dc|Swing Set|['0AiTwNtYX8m4uhfU7rJ8RD']|['6x7c49NEWt9cM9nHiSntQd', '0YSYfKMk0JBl7mmWzSsfPe', '382zGDGUbJK1SMzXK3xucw', '4H3tjdqHW2CG17lsytVVqa', '1oIwjU5cRePn7WgKRBe3Bm', '0NS9gap3TNaTQp1wQEnTYt']
2gH0pLuQAJm9eWxIM87lSy|To The Teeth|['0AiTwNtYX8m4uhfU7rJ8RD']|['4ZhtIgZ3rIXQnjdDns3I7v', '6oRa9jJCB2ujPpRYmM7nZJ', '4ct2vSH6pJWu15UZE3gVo1', '2zdpQgRnT5YQdsN2FNIDpA', '1R5EBIwBir84uQDCZR4iEW', '7ibezdTCBAdBFh7OhP8DWG', '2RgabyEQjMab6pvqtW7IAg', '4FcpCdqGjleaRZBFvVcHmq', '7Jr3q2rMh7U1OdDPqICSPt', '5fSU4DYw2UNcMZ5QD5EUm0', '4RIyExqhnXEe3dHUNMGbwT', '2zgs5SqMLeO1YyEzExdCwj', '1obpFSahiSPVf1M0mhnpgd']
4KE4xztIchTBItYOnCT3FU|Dilate|['0AiTwNtYX8m4uhfU7rJ8RD']|['2E8AVQcuYSlXm12g112Kef', '3BCH4J8voafSumkpH0WWTs', '2cMW6KjnjFrYcYdIsk0ER5', '5ptYOK56DFsTJ7Nazk4BRv', '21YSagcmCqR28GV8NxBMHc', '7JFuQSjHY65h90ZdRn02Eu', '2wxgkTPRT6jBuLVAxo8903', '23vXAB3EAjSLlLKCGONTUq', '4AJm5bohZFUQm00542PSFH', '5VsnTF82gYUCL45RAIiZ2b', '3874Ac5TPH544Zdh06na1X']
4ysiLjQwyLg4rw3aIv0flv|More Joy Less Shame|['0AiTwNtYX8m4uhfU7rJ8RD']|['5H6jOrB9Mg8CCmPStEA4TA', '60qzjJREFQP6YT0HqalpCn', '3NEICccMhCmuFncyaPxyjt', '4d8af7oBQoHX4h4t3ULhhN', '5LWdZjEUpTw5PtfGIRB1jg', '5BjLqckaqa6trwuWbYFgl3']
53uQL3mss1tsv4NAIs4gwc|Out Of Range|['0AiTwNtYX8m4uhfU7rJ8RD']|['09lkq3oIEGwLl0BtgGtRcv', '3Uo0OJbxUbHrMBnxS6e4Yp', '7qCU1BGUeMw09K9DdxXZOV', '77cbZsYtKRkCQXQG2w3iJO', '0OXs0Hu2PEJoXRUVbQNPqO', '1WhZuGEyMHkYGAa04UqsD6', '2mnzarq1aTX6PiAdeq5wSu', '1JJwoo4VcRBfsCPox8oyZy', '16oXjlIsDDwk78A06ABEi7', '5ezdmutheOfhOIdoEeK5vM', '6oZXpdyx50Mmw9f6aRjdfc', '7CAXrvSR4K7xaWyAyPmECh']
6yIQT5AvjFQ0kRo3RxBN6n|Imperfectly|['0AiTwNtYX8m4uhfU7rJ8RD']|['3gDe0R03dmJd4HqFihb0D4', '6eP6oFMyVwx6HZuCtpWyPz', '6aZ30pFvwiEelirZjzFrec', '2HJFvUWKTSB8JUCLTdpFrR', '62BlvqAG6gOnmBHTRSrBZY', '2nBB42lNmkh8qlzEUOmEwI', '5AXJD3LGFdq4EywO72SgaD', '1adbS4O1niPAEhQzuEu5J2', '2n6MzCKV3bogYC1WXJn3Kl', '5453uIlvsA8dskpUmSm6Xs', '0OtkXOPdu9CBRTw2HgS8Gy', '4gU6GkRXVQn0Sy1xaupvgy', '2s1h2YjofY5OjQw960N3KI']
0mKXj9hXclmhvassTP0LCw|Perhaps, I Suppose|['0HjoyITAvSVktTCjXUa40Q']|['45ZjRrEFgHJhCQ72qKDeem', '4gd1XbH3adOCB078KP7Dbd', '48LAwhnuZb4un5EdUluL8K', '4rP96apbJCohHkJB4aiBAf', '1RqJYBleL85OXwqO8Ri82I', '2A8T4JMQq1VAPZXqTHTYWs', '0iB8WyABrR8lupR6n9x7jQ', '49Smxaz5zRlNlKpzOSvEgZ', '2SBRczGej25SHyMlK2dVoK', '2TgoTfwHpcS0SRLtjv2pjX', '6WiYRSISizezL863jXH9He', '43mywkNjFsKXnSmEcb2dKK', '1325yD8R15P8RbBseaWtUJ', '6U5aVdoRcrPiGdMe8sqNEr', '4YrcPTas05vOff8EBgtdOg']
3RZ6xnejkUMgzmkdlsywFu|Big Bam Boom|['77tT1kLj6mCWtFNqiOmP9H']|['3YpLIrG8hG6fACaFA7NAxM', '2V9XOpWE0capgHnbJkeAh1', '65IWXigdPaOXJM2j4cFY9p', '5jFYocL8AfUrkYYrQIco1I', '0oTuM4P7Pj62beQUdZucoe', '0Z6HB6G3qBPZ4nMSLeS3iJ', '3j9lPAzxb8PiVvLniL0DM9', '4kETpZkCBKLh3ahibBrgov', '3gGmv4fCgzDU4zbLXMXWmh']
1XC4UMt4DU5SyArX2xWozu|The Jesus Experience|['3G7qoMSLvu9Pmb0xGtf9fl']|['4YjsbjDS1T3LxRRm5YSO4o', '58tTEyns0vNaqD3MJTRJfY', '2rf9en2Ag0xnOrBK9J3Aaj', '5PwG5dfFVLBfhmPYLFOrlJ', '5zsTVjyO0mw9Swb9ms9n9L', '7eTTBAIXL8BEw9Uj6iyzFn', '1TuYWuF3vUQOt53jYdu9PJ', '4ZcGb03Iv09wSycOjluiH7', '4u47KJdvyWebcX9KJHXvoj', '61YM2SbJOzjGMlmbZ6XPhO', '7suSOEdoY7STBvlvXPFHUY']
49IfAdGx0aRX0N7QSUaNsM|Live Under the Red Moon|['2bSugToVO8DavocRulW3Yj']|['5nX5kZliZ4P501b9TpLZHK', '1FMYumwv3cFKwxHsLEajQK', '7gt500rD3guuec3txQminW', '7qS8b0qTQbvfKWx0VZvNFu', '2tw5bhfJBbzvf6eWFoZLXY', '7H1lXASW9TbZlbd2pDjB4m', '4oJaJtzdlvzHzXPKGX6vjd', '49WrKFYjQp8XglindpMfsx', '54SKQRcuB4Vz9r3AynqyIa', '32ANG8Epl7r79WHHvG6zXq', '1Xu3NRP8YmaOgfjbrpKubK', '11CncGAYp8AHeZ1NVavXGy', '11PazWCYZPlMH9iLGmbxQP']
0FEp5GWCS9mIWneuRWabeM|This Is It|['3G7qoMSLvu9Pmb0xGtf9fl']|['53H6Q5kfRMIcsK8mYNpjj7', '5SnArLfEx9qR4SkhsXldmF', '2uAzh2c3VtiPxfpTH9oUTo', '5I4eHZdEVzhhlPgnVWiwaW', '2h7rB3dNRxNfHPobzv2Ixi', '5Cv3eERYTxg3T5EziJby8X', '15bcqoHan070n0F55DBP3s', '3mYUp3B1z9aL1XnfNybbeb', '11NNhmvQlwN6AH6w1Kupgd', '49QAeP1zvXNL5joWqf1VzE', '1OMZ1EX76Whjr3mBsNHpH1', '463fpsSjhjHqMKrQT5x4DF', '3WkdA05KkhCaCunFqkkvvX']
4Yjnki7SUpEbmPVzWpgede|Nodesha|['0m3R4g8wdmgu5YByHlrmQX']|['0ta1LTR7VFnn21Io8lWrMh', '2OI05l9q2JPZZqLarswonO', '2qQ92xYDMvd7aV9HcDVNk8', '42ybLwSDyPSYE1k6x3ffcy', '3jS0Hj7Fgn5PVCARsu2XUu', '2jPKjMKG5sVX2o6bMLvGuX', '5SZ5EOiHFNfyAu4pFrOtHh', '7of4HyvadkzXaueKgoTkx6', '6ohTSLfGmitzbc82ZCQkMe', '77EpPdAho3gSUjFwPDAId1', '0fph0X1rM93QqMSdPqU0TQ', '5d2wbI9UEc7kgMLKglN6Bd', '188Nd8cmEttsCmfnqIgQvS', '0EPb4ruCwyPqt3FA70JhUV']
4EEyCnj2fZu1eInXpLfZZW|Ooh Yeah!|['77tT1kLj6mCWtFNqiOmP9H']|['5PmePoyUgFVUmF2WrJr4aS', '4AiVt49hSjkkArFOIlAZhL', '2DTPyOcY3LlSkzliezN7RW', '0PuiVcvrQ3k9t2b7wxc9eX', '5hnPI9JhCQpiZ0mPSEGHpM', '0CeIIooFrEvMeH2bGrkGqc', '5WrnSmZTnq7E7oSgZxYRjP', '5OiJAVPCmvhQwAmCYFe6iI', '3M0PfbNIWXzdTd8ItahIKj', '6uRXQyaRaiPNzN9mc6JGK9']
22pfCAdDOgyC2JfSi5OwxT|Westlife|['5Z1CCuBsyhEHngq3U5IraY']|['2x1D20z93vGEjtTP07GOOr', '5giCRvTkp5GV5UIAORAOof', '30ngg6jCMqOBcvj5fLgfBe', '5h9etcHD1K0OTljIAIw0Kh', '3aNILB3pRxBsdlaiNaupow', '3O5YCVeCSJg1i8X7Zfl4xn', '7F99fYE0Y0NF0CVwfBri3c', '28boPljtF4jMqT8rEKBO73', '6D17ZfWe6kCi2BS563dMc7', '3aqd5ZizbDDc8BCTX7bfLY', '5G2kKkkGXI9pmokERv9grF', '3nCssYiRNgdyN894QW4uT1', '44iWy1HwMT9aVxiDDhIQ8x', '4fWAiwZF2TN3bq8FwAi9hD', '6QCTOzddi99l53swxjU1q6', '0bIAUChT86MNxGbYyep01v', '0MQTDNaZilvayfWU08IxCA']
7cAUnQdYOGT2q0OPiBgTWO|Turnaround|['5Z1CCuBsyhEHngq3U5IraY']|['48jd71gnyIlLdXOYX2qJ6p', '3pDB3fUF7eVbNYb17Gqt4R', '4xfxXu0mawk9JfkOLsISAu', '13S85ASCmpJMdwM9rgaRUa', '1CTTXciW8vvCUd2AJZjp95', '624YMffLA90qmE234pb9hF', '7oyOIirJNfhnTaGGOVGUuk', '1Km0EwfnZXSgNEZXphorwg', '6gzMTey1L7RDVkYB6KVREd', '4XNZWe6lIUZboWUEfidn46', '1UeAfUknKzpNPnwznf5iG6', '1yW7cB69YhL7IOKswXlNKz', '6MZSOZ9YGuKilDeGNnqjGy']
5ovMagVMhha9qq0OYDzXFm|Ampendectomy|['3MAQykZ3MwPcviv5eIVqgb']|['5yIBlwkGBxySQjpBsgKh0X', '444a3GUjcEXq9dlVKYrRtR', '7nz5fzfhoEI7IQbKHI4jvx', '6cLle3Qqu6kJY3xJkgtiwT', '3rKOdEiYrxRFCZjuMiPOn4', '7nd1L2J1cMoOduLqFVyWES', '5mCBtV4tEVOaiCqDAQXeE2', '3iplGmgDwgaP4DTN7BxrHU', '2UdRwAAfPDFn13bh2cBm9c', '5zAUNFiMFn8O2hBtzljdsQ', '1OY87CK1ZKiZgXmWbYUFga', '7EwsrDpyNVSrxuAz27mQ61', '4AbT1kY5eCTrQ4NaXJzgVx', '4rzuyxdHBK0GrehWSHLjSY', '35YXTXsg724SquWeWPiqMZ']
6rFM5jHaGzwut3hGbG9pGU|Highwayman|['6e7QpHYqEiyJGiM98IysLa', '5W5bDNCqJ1jbCgTxDD0Cb3', '6kACVPfCOnqzgfEF5ryl0x', '7wCjDgV6nqBsHguQXPAaIM', '0vYQRW5LIDeYQOccTviQNX']|['7jWbXvrgdbkajU8L28ahn5', '2zfK1yLW1HzHGbmYx6X9F8', '7mlWXXM4qSF3faqxmc2XuM', '1ip07xbQWgehduEDY6j8r8', '1xX8dxNWis44stjKleAtAp', '1OQbJRt29UGZ5d8YGjWiDK', '0SjDshX9dKeY73Pf512FMU', '771dOzG2KWfpaETh5IlhKJ', '3Q3R4fUAI7Lz1PEowFjK11', '0G2VRCXmSmW7pyBz93NmuJ']
2X30YPHjEbDLtxwsHnUabT|The Complete Stone Roses|['1lYT0A0LV5DUfxr6doRP3d']|['2Nf9tO72meJ0NPqvdSSWQv', '3f7Ktj0FIWGDH96PSRl4AF', '2Nvjix9YfXNgXoK6CyyiZm', '5cu87HHvtFS1GClj4bwcka', '0Bxl7YYsZphi3bPSacSXOb', '1FYRJw62VqtqVkKUEa0x7p', '2l4p05OgNcf5pRFUVzWYar', '6t0xAgZ8xTJkaLsivSWh5z', '0YKCWL79rIREHoIuRxWjWY', '3ESOHGGy5iudYxsKos0Nmm', '0ExdhdeNjherFcr3AIo4Oe', '4Y2ZCBknktoa8twMVN73La', '6TUBYv0ePSuFrAFfV7anY1', '7lFz61v5oVUojYwiNJ3UYB', '6dB382fLtwm6zPTznmhtBC', '3AToIDUVQ8Hw86Fp9UAkME', '4OhfzFL8Eqv055p2alRF7m', '5opSPrboYy7msLttJTQ2R4', '1bds1PHbqkdJ6R6HOvQ4Rd', '7IsLnRTPygu1oczVWBaEcr', '2Ao7J9Y2kmNTAoalukpxze']
05v0ORXyXCAtPNbJkH3iuG|Himesama Spirits|['1RyaEHmNw5yy6GrUsqnvz8']|['0yRwZNh6tTg5Klz42Jsrr9', '1Q5QhYstWYyYNmlJ67zZvz', '3xhNGXfPZOS0invcJzZIIl']
6yn5Mylr8HsH9PVro7Fo22|Johnny Winter: A Rock N' Roll Collection|['2ODUxmFxJSyvGiimNhMHbO']|['4MdlxZHzUi8fGvuXOtNVhb', '576DmaRTiVhm3l00mpQwDm', '3k3Q8IZ5oOqCUfOP2UPgpW', '1fuxmrrP5JKu0eeHi1c7Ug', '6yziyzrBhA2mFApoJKAill', '4P7oiJTI80K4PzPjQ8e4Fy', '4C9hS5iTRNdlN8IZ8Rhn7t', '7bcajrrXiOKemdiCuO0SzW', '5zWttk4d32kL5VsXrCK9G9', '3PiVLjJVEtOWndg8Ulknif', '0hAElYbdXZbnge3xkcSTem', '4xg0j0Xc8ZCEFLqBLE0Cde', '5iKC53qQFmy3GeWZ7lN3gM', '4XJoAKflOdWxFXKfbKAZbt', '2mMDi7KZUe5zlUszmMSDwN', '6HY5MSZYUrhZJavVPcd1DF', '5qYQSHBnaiBGSii5FfOZC1', '1dyLYQpMo3VVKseZGUaYE2', '0DULJRUcikqmxebWzNVfoV', '5OME4sV97G4rrpDlfPRKCW', '0idZrDcfPLGHOsu5W3wuv7', '0gcwlC2uR5EQDvxGYzfm4k']
0duwYYWvmZm8cSQRe5u0RD|We Apologise For Any Inconvenience|['7pzMfr6cKMht2pNA6mhomU']|['3hYu7LIOw28xTBz4uFK5Ij', '33P9Sm5CCNXqHXJ6E2ups6', '2pLRq4j7inN4kMBYmuGCR2', '3OMgsU5SnOYyup7cvMZ4eH', '1RtHVJWE5ukoU4JCQ0tzhe', '24zq9v6fokxqZ9RE8BP0k8', '31FluAFESYqocBS4TbFiK8', '1CrYB7VvZCzjnhZBROs6fT', '5OAfQIrM2oSW9k8HpTnNYb', '3w9ghRrxZV8IK0HC8rMZxP', '7ocOvnGzCec0Y0Z5ui93es', '31iMcUhWGu45qB4p43NOp9']
028UyLRMn9HnuTvRaWAVTF|Still Alive And Well|['2ODUxmFxJSyvGiimNhMHbO']|['2ZC5ygLIJEMuLTiElPFTnC', '3fN4kJXa8dFSzcm05NRSSs', '2ewBXoVbhc7mUgnP7eNsId', '4A9zXjGTrThmJvePizHVW9', '3l9mRk3YlH9eRBvLpwibn3', '6jRjzwrDAg7pNudFQxjVIk', '6WhKbNnIZqt2uV3zrgL0LE', '5r0obQFGrTf6pCBIGex4DW', '6NAfJEV3iWiGiDDU7egqPf', '77I36COphL65mV1toBd83q', '4WWVZsp4Cmw8BxEUTBth92', '308lTs4svggfRfVjLtcX9x']
4qye8JvPSQlrkc3rOTfZmS|Whole New You|['0K7VN4aHxHcEb7PqkfoIVA']|['7xPjrPfjDYaYe5j0KRtpPM', '79DGZVxH9wGZ7fT8lk0Dgc', '6dTwUqQFJRIqz6wh0ZWJfg', '2C0Wp3FEd0QlXXFMQ3ri72', '7Eb7efroHfi7Ej31GUfGws', '01Vjr2ox7iQrJuXlwHyUp1', '7o5ljjlfUVjlbxECROzu7u', '2jLB1wdKSKUFFW0EYrUSw4', '3ELOvu6bOPw8tHsfsziekN', '76qI5BvJtzGEVzeBSFUxvN', '7IN9NfKvZjYh5w8H4LtrMa']
1iyTLD4EXY7G9gHYb7MZRQ|Small Planes|['4VcTmgGKGuJn56Ac2zNhiH']|['1FwfvnICvZx7PGWqkOLttq', '6QDFr2Vul2UJ7JrOn3YcIT', '2RYcVsvcIN3tdh437Irtr3', '0yuEk58hIetzfjofRMXUtK', '1UI3E250AE67gyWUX1CN9s', '1LxToQ7nGCE6NUMGxnpDUy', '1zHSHa8dHlnr308ck5HZI2', '1A0taWkwkAt7I0RL7Ja5yV', '3IFKzkMn821V6jjyvAZO82', '5dci9BCmhYQdh61LAtemUi', '2qxWOpejOG5sE6qmC9v9ER']
10hTeAJHlOaW2nCaXZYmDc|Martin Rev|['4zDG2kkm3SmF383uO3Hgo8']|['26u49cjs34QygSgPNJRAyR', '6Xt5cLvbICTvC63aQA0rT5', '3g934vu8mvIc2a0MwEe4XC', '6czdD7zCMyzUyQob6R6MVn', '1Q095BtvzmefTRXbhOE0Jn', '5y0kgZUV8Q87ZuRuI2LqYk', '5QpekXeSaCgXnDKVDJ1esl', '2Mny18rUnYmWI4miQ66kxv', '39kncKQz9ggnwzXnjiiHNc', '5I21qk3i3XDq0sS2XpSSNE', '2t7sfp6QKR1hquE8uUqvGy']
2SJNPdvhhgpZNbqO0KL8Ei|Holiday Songs And Lullabies|['0K7VN4aHxHcEb7PqkfoIVA']|['0mpHWq8c0l9hbOxXvU1RcF', '6K1F7QhlR1nL8avgTsZpIu', '6h1tH1OYUShFJPBdykDPgz', '1W97E5OnGbObOdWRlqE0h2', '3t0IiJTBSpBW95lX9RJC5c', '3sU99o0HBjnHEwHRqDrV8e', '43Uf1GyVbg8Qbazb53DASj', '6Dfref8qw0lT04RNiQSOGy', '3fBEqc3incsm1NQ7gf5qUa', '5duTkIQC8WWv9dqgKVVXVk', '4zlKfOF2bs4xUPx98Oje3v', '1lOPtO2DKNMV7DvsGaCVrM', '4OF0dT9o0xm1E0O4QA4UOM', '5V9cVEGMKTwMgUe4jeNX8e']
3acMUF1baafzo6Zi61F1rS|Last Christmas|['07D1Bjaof0NFlU32KXiqUP']|['4mOjvafN3FbHFmXH5QaXv5']
4Gc1EWUBmRkqmf7MwC4aUd|Psychosis|['0tQMeEhOqVRQBmOXCVmxyo']|['3Zhnj6HfkUNp2u3Qiewjtf', '1MHmBtjrjcdBgyNcX9jilp', '2PYDcRpnjRo5VktCjsUqHi', '3iH4FXtxe3XEXxxtamUyG1', '79zaR090dmOWd9wIDaUwog', '5RQbSWsMs3gf62tp1mml5i', '60LIS11eJbWhb8XL7iOLEE', '5G3LDYwKbM4joBoPTV4oho']
6A9VRoIhp6OkoPp0goFZcs|Fat City|['0K7VN4aHxHcEb7PqkfoIVA']|['1I4PLV5ths5Mg8nGaqbT0w', '3Vl5YXSsKLy8ncOCmFvPdU', '6PRz90nnBoSUi5Ch1zFI9W', '5MYGuJhRLgQo6hGC5oFLCB', '7cYTwV3GnsDNateBkVjIxo', '0cduCQI29wXmkWDkIQ2uh2', '3uSIIi6QnXCewCLbbNHdhA', '0uRaYiZS0Vuy8NKKlv2BIA', '6Qpy4XNvIFo9w8bU0nGoGr', '39d9zQkfSb4Kgl3gl7g9XL', '6N7za3AtzKemftx8ABjLJq']
4FCwf4rl9ZyRWzIy17ZZ6i|Still Disappointed|['2SrSdSvpminqmStGELCSNd']|['78XK5PDIKWiDKcgiLl1x0o']
5bssaJTxjs8S0dpc9GzFDj|Greatest Hits|['7MSTO40bsb3DOJQT6xLsIc']|['6wKGpFOLlLsnEVsXsy27IQ', '2SMOdZocTSFLdpg197o9Jo', '7g1j26mxXHUkZFLQ9m3Rtz', '0p0VLfYdU1ltzOj8bMbdbp', '4WAMmqDol0S9z17F3JxQjQ', '6wCI9AzVCtD7we7wCYm6Sl', '2RhZvAT7v5lRTYep9KGFsk', '4ifGkOIs51UGoWIDhJvaQg', '3tOAosF0Ykfbdl8HwQGqZZ', '0FjLwzqRdWkYrIp0dIYs2r']
2UctYKqjHKpx7QaFIodzqh|Pickpocket's Locket|['65iXZl2W8M8616GC3jfeeH']|['5mIgdBMxP5GbifSYWYb9Kh', '5meuFLH0RQWgRMmibLYTHy', '1iEUVgW61Okfhqul9tiS0r', '2U6OTphPd0rXiMyKGEVFBn', '1oJPoLhqaLJxya0rtgTtNk', '2mQd4bqggTRAU4mNRkvWjZ', '6E1Cfd8YpVjfxEtX7KZxos', '0HWY0HdJVgX00RhCwZ3gdq', '6DMNfK4CqgDzqWdaKIw7xY', '3nDOVx1ZpQq1whCMKXZCVq']
4QJ2Ud0wIsaG4oWGURJbyX|El Rauncho Grundge|['7CSwswyyJWwaxmOeCkzZQe']|['5kXa0gNRRRJkF6R4KRRIpq', '18v81PVG9N9qo3zGXTePjn', '3GAC8yoU6lic9ryfN34F7w', '0kVab3sMSQZ1RZWcECBIsT', '3UFvNW7ExBy8DaQH4Cn6Fb', '3wYMYpza4mdw4AlEZnmVIc', '1pJtdjhQoCtetezMZZWMa9', '1VenrYcyiwYY5HUjPkllL5', '6hHv3OhqVeu2Cu82dlPqd2', '72TM04drPxCk8EwI8MEXEp']
4FZtQN0bujuzJih6UZDXgp|Sessions|['5RFBPz01PqvSQ1QhEgaxOp']|['2fYAvKvcpIriTd7zcDZeoX', '0j7UjfVigwr1yl49WnvQlw', '72w1PTUBeLXtAy0Ldbcf9q', '4H0N5sP3lu5gScUfMCnu8F', '53tkbrY00vkneZH6vFCvW7', '5L1GvON1AAsZCifrox4b9U', '0oszgn7V3saQHYcU1JIiPi', '2rbV78S7CD1JVLkzAIfQdk', '3wLgM9bQy2YwgsjvFN6d0D', '5utESyKYoIy1YuUtA6SHrE', '68S3zGW6YR6HD1GJpdsekw']
28GxeRP74uhZxTewnIZuyd|Disillusion|['244fcyNSuyhbRlMGfMbYrO']|['5cDKReCo2qD7oYbWcox3Y7', '4FnZjiy1T8BLu05ya2A9q0', '4rUJvsznlg30n1RkCdJl8P']
1wQIQuZGvVvfS4UB63ftVc|You Were Right|['244fcyNSuyhbRlMGfMbYrO']|['0la7kxOVcvNYvvzYSlSDz9', '2amrUVFif0sLl1DVguby6K', '1gZcLFr0BlmKFo45WvNhxr']
5DfHOYTKoKh23OS6g2NKqS|Shooting Star|['0tQMeEhOqVRQBmOXCVmxyo']|['5uXWhOO91v9W57YPHb2YD4', '30UUM8bF30dyBn7p7RfetM', '2JdjrXrQ7KCbW5YOJQuhgq', '14qGdHR5HyhvYQt1PjMKlq', '1GL3izxvW77s1q7ZIQVnF1', '16RnCBb1AIrbRkaOqKKCA3', '3xHdvQkDiKqI9m45PigrE9', '55Y64IiyX2YwpEdEMRVFRR', '72kgErGi8ZipM7hGQzu9PC']
7vZ64RCvITaHsTtWGcj3KC|What Another Man Spills|['2Lhs0asnFQiLuntn3s8p78']|['3p6UKNf7I9kBINNkzxCJlq', '4kkFc2ohLaShgUKujVIX1L', '4QNzpxbkn0Zz8S6mZ9cHky', '0sPIRmokBOkDb6yWMGU9Il', '7DitEePsNJa0B7gnwTnZ5O', '5BHyMJXFQCKGiFhUOCUk0C', '55IFHkHzhqKrUXND1jHSML', '6gdV0lnt4Kw5e6p9vjzy9M', '6Qv03mbjmV1pZc6L03aM1O', '0GJCFB2dOgvQYD9evXdoL9', '6nx0oqtiG1qaW3yBgBkVxV', '6tdbz50bnl8tnUZNHmYPOK']
2iHJCrK5DCYYiswME31fXU|I Hope You're Sitting Down|['2Lhs0asnFQiLuntn3s8p78']|['5m5vgk6YegzkqMfSkhFBtR', '5vLYx2hFsb0JY3l8O58cnD', '6Y5k9eRtMFKDWQP0lwxsgv', '3uSM7uuP7FPtUHoY2BdJCe', '21QrxBx6kjZzZQ0fjo7yH1', '4M59kIKW93n5t09r8w2Sah', '4GlMvQPiSNZqD0mpBmBLjs', '0jKeBgvMYy3i7E70k41K95', '69Lg2cu1N8vnIRQ2j52q11', '75SHwnYIJY9VDSScUixPXy', '0aTqENMEmO3CoLNdO08QCS', '4caex9vczyMnbEUGoe8s8u', '2Evtv1tb9dzvSGpvX3YGqQ', '3S02baHff3A37K8Vdbjhsd', '7panS5K0Cvz17UURmwOoOo', '3yLaOihMAFbhm53QONrMJE']
4pDc7fgf4OewAt03wRsHJY|Salle des pas perdus|['3mG2QgBwWdWbHNjnFC6pu4']|['1yi77TrGsSLuR0rKY6TXsq', '7yzUHiCgF7JOzJOFE0Bnpd', '4jKicslpJyPfeJRSxbUPQV', '2K9pZMX96NXf19MhJCtca0', '6ihbTijFhhzflZaLiBr3rA', '178sTaaepzrXGHIsu3zUc2', '4zXKbHN9FKRTIirYQdMRqI', '5Kk4e5uuZgbQrufe5qME1g', '15RAyUYDEFWUl2wUZDJGqE', '55SVA0qJtpeQ88Y7TnGgmP', '6noopm0mHQPMHC1Lh0WXWz', '71iL6PMC1rYm0BZMBlk333', '5xXfJ1coUFO0oOHuBY7iTw']
11ohLClJoH2mIcJOoE2YKW|God Finds Us|['1vaOLxWPpsv5LVsSHBy9tF']|['788iAD4CWTasYlX3msWCvk', '0ePi0Pj92VxX4iJbD59ekS', '2Vr8KzxFjeDOLV2n9Q9R2H', '5p1PlJQPPal10r8tltk5cw', '7JbUZmimNT5ldknq1aqCKg', '4zqggFxwyoSvCtQhvd1CtD', '0gLspCEnFbrC6zXFYekIA7', '4D0zd8jDFfHFEHNG1nlRKV', '2DiaqbsyJACqjbvcN1UiSI', '0ZOFxBYhdBlTL4PE9UOzJ0']
1tBS9okYDB9YqflCTyMqDP|Patient|['4OF9H2oOBQHqYVAD85FTGT']|['4C0vFX4aPrdR1jk9hyenBb']
2sfLsbSsDm780Llr9NWHQz|Transatlanticism|['0YrtvWJMgSdVrk3SfNjTbx']|['6Glv3rhKQ5Lo8wBzSC4IGA', '34ErnTqmuACVJ5qquF1Rsa', '21DVu4p5UmmdpJf3xyF4zF', '39QVoC07fYWv10aEpCHI3z', '05QIEmO71D7GJd7FiKExvK', '1x3nSB02nQEqE7BPBaOCrv', '2O7TUK3o55VOWqsVOZO5oq', '0eUm2fcFSfWH7m5ap3xvnE', '2k7UNbEG8SWv2WyuzPfi11', '3n2P7CstOD74Dvw8M8tQa6', '7s7n9zJc3Fl9ggBcLIYaFm']
6DKartIgPAW1UA9YlvSvAo|Furthermore: From the Studio, From the Stage|['1lMaDSraU3oiNUsVWJLHdF']|['7hGRwsILg5SRzQRv8GQMhM', '0uatCB1ujnNb7u9Ok8vfD8', '5QFakkLrygT1zAjBZmlo5o', '168GsclG24SlAwd2HtwSYY', '0W5oV2ckRH0SVn3m23hbBB', '56GDjcrxtMyYwxPF14US8z', '7IE1dFb69qWIKKdjUsq3c8', '6JqRmXeWVfHOBAL8SxoxqS', '332lfGMRgc7mU3HNwoF9Sc', '481MoaPHR6PQuzx7gQ5GHZ', '43NCKPbrrnJ1cpswamKQvM', '0XpjWI3DRxv9RFCqP88vGq', '6D1doOESKeYH2T5L5E4KiG', '2wci5gRsdyXURECIsP6fc7', '09DLuK8ore99ice3lCSL6D', '0l65vI8rlKnKaj53r3EWzn', '5K0zCncDK9RUFbESnsKtit', '5H03W3UWCzkRDBuaWKvonV', '61z5V497QoHlOM8gKu5tn5', '1JLOgbNOoFic2KKElAn9Fs', '3VHmMXBZebhbk5WnjxDgFc']
5BBz3KP2voAKW7ZJTenk9N|Let Your Dim Light Shine|['02da1vDJ2hWqfK7aJL6SJm']|['1uGht4m9AVY641N2DzoPpi', '6mwkGKxwCm9USnPkwI0uqF', '3b4D6xMGwmZ9yw72XywFhV', '56vwQ8lmEELGJzUIcDXrjd', '01UkIu8bp3GNclU8DsFKgv', '5R6dX74vUF7U1W8pkyjPr3', '6n1dWdSNJZrVEGIYgdA0PB', '7tzPkjdN5JY2WmoJP9WC2e', '388jh177ed7pQUe7sbrfx0', '73zeGJTqQV7fHW6nObSOsb', '4YCr1WE2gCty8CUq9ZQzqB', '6p8xACgT7Sj8BXRsKbbcyv', '7LhCVUch8Q0ST7C6izBdZY', '5TV0DeGNmFkfZkjejrYrqA']
38alWeQVP9UUAGJvLptys9|Left Of The Middle|['0dlOr0VIysztGWvU1dpjmP']|['1Jaah2tmN9Hv81A87KZ1MU', '0WD5uBxgrOIcMWSqiEVaXl', '2rN6NKR8ZjMhcBCXsZUDWi', '5WbGQG0XwHXhYxQ0jrhqrT', '7zrWPRYubwn8k8Id80LDCv', '4Tj6t4ZdZMksIyzoQyTeXe', '4sWAbvHBzKlTS2P2OzI3DF', '1k7TGEMNVQm4bPbzuAgc7g', '5mwuKwzZJTSWVv7bXAO7Uu', '7H90M7opz2cQfZxPcSJM9t', '1z56gUN9MRCy6lapCC9KMz', '7r3H2gCRFovBxyg5wuSc83']
4UC5njUEue3G94iAao1BzP|Calls|['2oaT4Bh7mWfZg6O0XKr3ty']|['1VIruARTCPQnEWSseprsKV']
5SbcupirEParczvqqyUPXL|The Moon & Antarctica|['1yAwtBaoHLEDWAnWR87hBT']|['7Gi8kaILAUgjYqgdee9410', '1pPqVrG2RCHXx81Aw4xp99', '3tuC2PqYsBplcBKKbl4X10', '1cQqX6dPyzsP8TCeT0auEu', '1EbUYOmJkqKgUYgC2OI7Tc', '6z5oU2wt2QRE0G95F6XHoh', '3knvtUJiuDs1WZsbrR1puY', '0HgTYw2jY3sz8rYG0RpI3f', '4S6jCIsUpnOu79uWPjvaAf', '20iMumN7WDTDWgY0c3UvCB', '5gtjm4ZrsGUGUwzXsB4zCw', '28lW1wU0m8ZpIGE6UZNmUj', '2oe4wyycSHGBXGIaY4Fll5', '7JVJnw38D5TblpI25uwwUm', '5JIdzOHynj0wI8tpvd15Ug']
1owUgxkhgdF9XML0idqlz0|Rooftops|['0qfuxQiPQ79eohvARHBLFs']|['31hxQFvvNLPamhlqBAqFJf', '1P35DedcsFJEYtgonrbKWJ', '6G60ZVhP8xNuONgZJZJkzu', '3h0uqLe7yR4qlfyDQ0BnIl', '4N3yv8iCIdbUdOaofWu6Lw', '5KtSKKFrxO6rtvImXJrWMX', '7MSXvi5EvLlKYHZ5a33hzf', '17BLsfMwcMCg0pwnGgLA3c']
083v6CSHrw2TzgKKIXg6ll|Mirrors|['00tVTdpEhQQw1bqdu8RCx2']|['6UdzZ9DsvXxq2CCBrdBICt', '02zvSWg1ObrwxTX6VSi8Kf', '7vm7Bd52OsZmxk3yWulR2u', '04Dn7n0AIpfNor06glHaeM', '0xYqDd3QQgjQ33i6mGSDiT', '67HDsZrr3273j4Sv9bxFxZ', '3pg4RVmzq9DZcKbWcPl4IX', '1SsxL4gTwVp2lXbqkQG4NK', '67sHELyUVhbqCC4yFU2HrG']
5ImW9Rgw0hvn5Sh1naKrur|Sister Sadie|['0rWSUQEtdCxT9Y1Hd0eGl8']|['2oEXzg6PzHXQ3Mt6Ar4fYt', '5oLIHC1guOEzVqfaGVVuB9', '3O3ZDGZ9yGPV3dfBcUsGBM', '3yrP7Ir11OvNs7W7pbSDBZ', '44SuBr5ZuNLOhiHuFzwfc8', '6d3YI6dDUQDV0poi8Q29cG', '0HHTW1zM3jiBnKLGuIc4xk', '06bwfH0F5g3uS9lztTw3tJ', '1isV9QN4OvfdWEL4ZUeKva', '1Ip9iSl5k2Kfbko9Yh5SMh', '2NW01Bqr8fw4NoK325kdiU', '6WX3Zyt3Yhg3C0CbG7GGIo']
3cIQqla0MY6zSjurTrI8YB|Western Standard Time|['54tWKkrjv4bQgKrQrNlecm']|['4cejlMAlFVlimvfvdGktsZ', '3DPeAr2WkFB8zWZZtOCGye', '0Hy0uZOxSbOD5gJZRtbLT3', '4bFuLYSioqb0QEFHaX8FBo', '781bCF8dBc7ypSs9s7lTZi', '2fxDCP4kFHddtZ0kkjlfse', '7djPspqlszX1uJQ13M7p26', '7Du4Gk49Lh3G04bUC0HBGP', '0ecVsr5H5lzNpqIJ7ck8H3', '59qOnMrdjWRcuJ99RmD8IA']
40bNm6jfcsUm4Ru7zM2XbU|Ultimate Alternative Wavers|['3kbBWco9PZ5eSQsNScwG6U']|['1yioThxXDEgMersLCsrluS', '6fWGocXiXJuIkRxnyOLKUJ', '4tkRaRrdPqrWMbJpekkzWI', '7GXxde4UY4Anb5vUS14D4L', '5TNkJ2Si7yL33Sb2rUhsN1', '66L8u5ZBs78vpzLDHCFURV', '5R1B2VAFSmTgNOsJ8CGS1m', '3APriwCZUb8KSSSCFeQ3l0', '02HtHDeMzX13SwuVBIM56R', '6ZrrC4a4VAxbFK7sK6Dd33']
11jmdPmZgx4GLPLRdqqxuE|Favorite Chopin, Vol. 2|['7y97mc3bZRFXzT2szRM4L4', '4Ws5hSoABAwvGJ4LhHwHgq']|['09VJNMsNrWmf8ocIY7M3uf', '4OCQW7Mzkyv8euwzJRPPDm', '4qAYK5LzOLQPmk2zFjN7Tk', '5JINX1sL63SvSCKihge1lb', '5x9cwI83xPMHuqEP7s4E6a', '0Y718MkWbqbbuGmdLkvO05', '43gF3PrYIbOj6K50jG8Wpw', '4vJg8NSYivqhXuNVZUSH38', '203QhVECFPnfe480IawfA4', '6fCdf1IVQKMVqkEsudUsvO']
5PYohQD1WAQevAz6afttqh|Jack's Crows|['2MWKhzU2iggdtLs4xLTqrP']|['44X8Tom34YbnkdhYyeGenM', '6UXtQIVLBxF4fTHN4KlddB', '7fIqna7IPPe3qNPejBN253', '1mqS004oYHfwk4DyEbnJCa', '5HRzzXsO4ITVJqCu9CFTpB', '42E1YJr1ae61QgJDN4vs6T', '4aP5IZkYzz6aJnlyZDwgrL', '30OX3L2b7tIHdwBzhgnemA', '1XHo5ZCzLc2yD4UyRDMR8K', '1kvalaP2you8FRtZmzsNOn', '0Xp2zHCtS6n7p5a8vMhtwy', '0QqiVMCr04tRVMhOkLg5qs', '2XiLzszzvzGt54VXmg0X1a']
56mJdWSLXUcF7eAjvJG7KX|Out Of The Valley|['2MWKhzU2iggdtLs4xLTqrP']|['0i4FFdFUNM8bgeX6N8knro', '2v8TP947RtbTelgw7kyeWa', '3JId2pNgmSwU6i0wdMzQSH', '0FpCOTrmkgpknnBarAJZ5q', '34ObkibKpcO3iXolIbajlm', '4VXBPTgGBx3JvaLA9ECU6m', '0PfA8mIqcFa6HL94NHTuYD', '2EJLhb0SdVZejHT4t46Tu9', '2rPHnYxGDMT8eOILxp5knM', '4byqd22gHOTKEyhpB0IdQa', '4YDVjAtabidZyFNEFUkZi1', '7ygrvQovevv4YLpDegTBjk']
2lU0kiPL6tGZNKgxRuG28A|Between Five And Seven|['2MWKhzU2iggdtLs4xLTqrP']|['0pKubJtwEgNqwEDvStfzms', '1BHPG95qFDqTDrx2Nthv6G', '56cJ6H32xjnSZlFrw0ZEZb', '09miXsmYpjzklyQsALfCJ4', '3zIynH3m8fBvHbuKrUo83i', '1Dyd4ss73Xl0QTkDijwEi3', '1nqzMyYRUJP4sqGhJfhyY8', '4MXlSH9o4B3O484rJWETcn', '4hOaDDeiFo6jiHdGUyGxRp', '68RuJdH2NAU08heccfTtfS', '3fLUaToIVdsOXhKpnKZPyG', '6LFhhJCvkNwYNK7s69MnW6']
0r4S1ChpMUMc2JZHMPbU5N|Rain Maiden|['29vmxj8SAUMWNxGDmxUtOz']|['4aoWd6DrexO0iN0RJWvHPX', '0HuqeCANL6AUMHaNRGraO0', '6eyUZkC3mfVuUPHP3iAO2t', '0oBtz8ocCOlgUo5JycKBG6', '0XG9bXWFaX17WDzy7zadw7', '2hBQtRhG72PCW583PYjToU', '6kJubyWNv4Yu2oXEibIgp0', '7kYoyRA7S0z8h44BGunzo7', '7cCAE5rRMIB4QbdNNOokvh', '5j7XPbcXiIkFsYDA9pYEE7', '0dyrtMdrBAE7L6MYK9YHHj', '2r4uNUBBcJD5CZQ40peVZ0', '7IPJqYbnPVL5H7Gu377EzO', '0QINYWR15eDjUDgBLDFZmk']
1rr6pJFjkdwJGuYhvXW7wY|Spaced Out|['0tQMeEhOqVRQBmOXCVmxyo']|['1swgCDr6GQEdLLRzJMi4Q7', '07ucENoB5sUvJ6Y5lU3BF8', '3Vx0QxWWFq4vDoaW4B5615', '68IIMRWok8tKvtxbVCCf7r', '1Oyev0WK597HqeOGgBnQgJ', '3Q3bbjFJ03yiigNPnOyWJm', '6COat7YJe8Wt6ExUW3NHVH', '6zBCe9beHQ9Ri4hbQiifj9', '0TZ7djbBcnwjDzAxUcp51q', '13Zjk21kCGlgXxqmtsPiRj', '0z2jb14BQvYvibETw9GHwy']
4lyeF9l5aUEmEhP0WfoLFh|Educated Guess|['0AiTwNtYX8m4uhfU7rJ8RD']|['7rGB3W7VNuYop7fIQngXJa', '2124PlFFn9RgDKhThB586T', '2QPAmUXuUYOCwZ3OIAIndN', '1SrMfyaWhPFhafVRbkoIHZ', '5kPvzzBk8xGIYwtte3jNNv', '1TU8I7bs85LA0I8EkE4AQx', '52pIG6IATylsRf92CoqY3v', '4sgt6dFBMiA0YvIUKefA2H', '1XiDm0IUoeSX3Pl0ZQe3sV', '1Ew0ghmGrpB2LB0bYSHZ6u', '21k9tTeu4cDoEXv4v2kqUd', '0Lb2WLpCQxRwg0Fw9cylns', '4xnPjCGQpLMQAJSjhkBh8E', '4oadCQy8jswUb5tF6MFIZq']
21msiWHKMZJ05rIkVD5UEk|30th Anniversary Sampler|['0Xha0wKeGIdxE5Z1jnxbUD', '0QyjSRomk8pI4srgvJeDz0', '6IEFj40kRnR24S1ZuTHmnK']|['3MHNGUO5GqMlxbeTFw5Tep', '2AeTPlWgMPxTbAP1aL6Cgq', '426DDgoVl9uAASqdFO0xTh', '3FT3yZxwVltPjSZasB5RhY', '0eDG4Exm0TIeZZNv1AX4Ac', '4o6dbUB9jaU1PRWBR6IQfd', '2hNZ5h18CD9QPwdmeQPPYM', '4EOuFIuCCEtAnVUEiRNNnR', '5FKNVx32Qd5I4LLTCipkL6', '6vQgu2HaEzd7nX9bnXFirR', '4yMhSpsOgcukcM2I2l7c6G', '3sOBA5kK4pSvWfefKi0uW9', '6v8w2N0otV9C5RnzcklN1N']
41AdLTdErVUwftvr1dUVAf|Greatest Hits|['1MXwwmS2JpmsHZhdMeOL2s']|['16Vbbo0PtDqs2vUBzbDQA1', '6bBV94VVhq9tthRqMGJNAM', '7DWp1RCso1cYsMEmJ9k52G', '11gFhs2dWsewpf84X45Ze7', '1DuIe249CxiRr6sjm7wG6k', '1mqydO6xMtyTPa8yo1SdVr', '4IDEA750689XfpgvAkPfbl', '1b4FIvBcYhVKy7lhZYXchw', '5wALxF8kJyWl9Vs0nCKlQb', '3rZGpNYiUA04Ud02vmZba9', '1aC8IfyzyzH5OPnU2o73Rj', '5G3yKTKXQPgQN2Uo6T86Cs', '0x4vYOfULLO1NugfnnI9bY', '3utWGe98pK1u0BN5I3s26M', '0tcq9tNIw5JHUywymB07OA', '13mKLS2B3LWar1SwGTg6nb', '6NkHb1WKGLCNfILJo9pcfm']
7ao9SFaMgsAPNol7RnINa8|Drowning By Proxy|['1YQWsUf74fWC9zHvFXIpmB']|['4Wbwj79lFsrwuYJSagyVJe', '5S6cVVhxOqqBw3cWw0h9YM', '2FZe8cKF1PGMDdV6Dad9Al', '4tu4pDDabYY3EOymV8mxjb', '2EqNc7FTPBXMzPKriQGfhz', '3OpZN03BH4vdDfjAd0SQwQ', '6UX2WXTJ5P05RZV7QG2zJt', '78U5lkKHxcEgi1yyruGPQm', '60ade2yAtSpqiw272w47Ce', '0a8AqoTMa8sGcKNeKYeKa3', '7z0n9ygDMR4eWP3PVeVnH3', '65A7jLmI1iJHFKVcbe9VRu']
4e8T409DVolnLt8Mn2HL9D|Annunciation|['4T6JNArsi6h8yUgcmLpJJ1']|['0umdtvNEsMHSN64Rq4t2Z0', '6jESFIywK8ifWCTvBkqaht', '4h745mrlgD1bo2Q331jiKB', '26sjxkyezswh9DjsxdmD1Y', '3MxCWcbUZCcvS023RKMBIQ', '6OMsAxClvQxxq0utlP0HS2', '4ikJzff7CI7Oc0EaXMKnAp', '21UYMUFfOXFLfTdgDoj0Tt', '2F9mMye3dLiwGkNV0kbOE4', '3uoZ2wWf7qojMcyPmuYFCC', '4JlesRtEWxXle4JmXA4S2W', '5Q8toRmf6IzYrC14MoXPiA', '4ZVVELQ2MOhwtiAGKkYYaf']
13NCFsw0EMj0JHwC9KaYwK|Con El Mariachi Vargas De Tecalitlan (with El Mariachi Vargas de Tecalitlán)|['2MRBDr0crHWE5JwPceFncq']|['1hXtrFuFWhok7N2rMGW3bh', '3rMg1HEQFyLnZBJTAmKd7o', '00zD9aiaLdQcIwSNoWD0pW', '0XZo6J0jDK8SH6MAprNot5', '29jt9wuHaMVwQhw4M5X4R9', '6RxC3waOdRWE7GbNEuZ2Qa', '6QvAw8AYmGHBxPSFmGPN4b', '7pWFm7BD7o5aXqpHO1Xqt9', '3b2HdEp9r4ZywqHa8spded', '1AO54sk6Y4GXGQtZqSaorl', '1Yo9idf6XM0rhPWSTIG1cP']
2KBMVguBdtMIJmU0rq52jD|La Place Demon|['1fPAqwwH74xTD38C3yEEdP', '5DFipPOMNcZT3XMGx59s5I']|['72KVRaEggrkJMTddqLaWMQ', '4kNzP5m7bEzcPyWCsON4aD', '07EX3bCe6ARyNMEoLiy2JC', '5ZJsDrNfKLH1B81rk9Ebbq', '5VmCI1RSWIApl5ZgKA2WPA', '23HkxpVtE6lDG7Vx0fpB4e', '5cHyYxuuxssnK4plFiIvvr', '004LC2cnQcjJaRRq0vLgBC', '4fcCODizGf6LJe6ufOdbv2']
7u81KUCkOH2AQiaNl2tI5h|Generation Starwars|['3YGigudQiWDb5NdJOC5StS']|['35TC2YSTplyQJoCaJMBzFe', '65tEWWy1ZTS4B7jAx8Yqlq', '0E0Wgwv426DGwfPV25lK5e', '0hpdq9D2y2Im2yWLGuclKA', '77RsnXwFb7MWN4kbpJnGCu', '2NRsfboPhtpFeIxSSXo2Io', '4WlnPX2U23RY9uwqVThbf3', '3gMKfewkRN5XUDftzTgfcr', '4osY8iKUfuNcSZuBCW0WKk', '3upi1JXRaV2SlNqTNNc5iv', '6ARrGXF4vBsEzapgNsQxjV', '02pO6DXPHRA7Qy5x5mL7i1', '7rLUuwncWBYpiR2FSHdCth']
4sHVOoQyCuK7HURdDTkOaV|Kagel: Playback Play|['0IdJUMh8xVuehu7qlMcDth', '780aQbixCS1T0zJcDyZMQC']|['5tMWRBb8lPVMHDNnBQ6FSl']
679z0hs2yjzmWh3Ekdttxr|Songs From The Grass String Ranch|['2sgj794K3UaW1ApX28ZUhY']|['6nIG1WjJdsV93xsY5Xdaos', '3bakagwEVQnUeTFfLEgq5N', '3UDpypAwfzgPcZuxgdMei4', '1xBV4WNRTWcHv3PPcYpKno', '7e4CAmxZQDM4G04AKXfTJv', '1HsMTsduLQa5ugz2dTQGQg', '0LxZ6QK8j8x7DbFa2h9F43', '1Hne8oyS6PPbHDPySUHEGd', '5iNiTm6tDAyPbpUW7ExygY', '2HiwLq40bD4nZnnTAUuK7R', '1RqBjnJjA2wOHe29UZueiT', '5gKcEUyL2iQ6zwbJJh19F2']
0DSaSrhpFizXvJsHpW9n5y|Fomf (Fuck out My Face)|['5n7LhYXFfsukyUczxSPole']|['2AWlEIewFkt6aXAmdRjNNz']
50u5YAPznF1HfOBJmlL8Cr|Baptizing|['2oxmEjNo7UXIiZi7X7ovGq']|['6b82Y5oygmjfslT89ZXspe', '27u8DgZzlBdLnI8AwDKVHC', '3cI2vvwrmzhRIOgpRW3lhj', '0BgP9UBHxYjqRgwXYccYwW', '0jmHDNvlEgbMOhFX5bjprN', '0MW1c6tReUdg7atEvFkzEu', '6GYB8CnvDFL3cfDEVu6F1W', '6tBSxr7GA7sPneZ4yKVJLK', '1VJNKCTS4dBeBhyf2jUVQK', '61SvISSkIOh0ofvDKFExNQ', '2RvPVgG7C6LXbAJ8fFGRpS']
0ZDX7TUhxIn3S9PzO069hX|The Best Of - Volume One|['4iudEcmuPlYNdbP3e1bdn1']|['2CHfJcxefkCDVGFxonsbRT', '09kczZ0t1dn2dVZnIbtp13', '0HIG8l14hqbPVL2xvgbXiT', '3clNmNY4C9F0IQy7A7cquG', '2t1tjPoVJSVXFJMPB14566', '5Heu4Nyrx3w5agcWLhqFyo', '1sdOLIQ9udc8I71g3Nyyzu', '2FeYqtocalFZB8Sh0NPP4x', '6uad8iaay2bCvBaqi7WpaS', '0P8Sc8kEJHDHzjGZO8AWBU', '2j8f9URZsJ7e5F6Y0D5Hc9', '0VG7OZCWlnwlyHUpaD8959', '3AQKDBcdaaNMjLmYiJVzkL', '1Ja2TjaR7ErBQJJTjMhoxe', '4n3mp3DC7JrdXYJCDdwKhd', '1YmHmAdARLa0tOAm2ei5Qt', '2MfWgHpo6lZA5DP3WX5f7d', '0bIDPjq0MoDGDT15m6NN4i', '7s0QgY2FEivaUNREMpBoYE', '5nD3HxldRUWgaNcsoOrMON', '6kUF7LMONynjIPG5CJGS40']
5apNSieQiGPCfZE7APfGxU|Great Big Boy|['6cjuHeJM6CHRUhIhApwFwx']|['5wIkJacY9Ui9ThYA536G86', '5QSoOxRNTR9GJwRqW2fnxd', '2H4JRQNeGPtwkggBeCAQ70', '0CndHtNh44GrPxq8iF1oug', '6bCd23Lekc6DXNM1GPyDSl', '5xZbXT4oSnrFfZoXsWdwWg', '1tndHilXyUcyLwKCN2Cqq7', '30dj2PnoL0czI9A0149lfY', '3LAIZeUcYVFmw0CnDOblur', '63K11AJeoRUdwebmxVjxuH']
7xtG5GoKiieHfSYUTAJpWR|Terminal Twilight|['62f9LejTohfxGWhMP00ZrS']|['3aBOMqzjNhXWPBGYVHa5tU', '1zFvkuwAjrmYMcPPA2Ht0D', '4Y24q11VjXIKggGg7W33l9', '3cdauMFdmGY1jN1v3DTsHm', '1PpOfO1vHN7MfAIc60k1c0', '3yBezLnLTDs5sDJitnVFG3', '380UMaShimGnn9VmHlXeDZ', '1PYp2ptgnX5oJ9ym67WeGe', '5liXPADWDlYOAFxCE3Allt']
5SOv28wwnNKR3pfdcu8h1H|Harass Me|['5n7LhYXFfsukyUczxSPole']|['1YuC3qLEoqzd4GnkPy2rEx']
39vMdABPceCzciL1mlolsg|Sick'em|['535KSdsDbNGj6w6eCBkRP5']|['0GkfwM6Y33J6yJhZVIMhYY', '0X6jkQl4WNSVQCFlwx5g2K', '2mbkCcSVDaPuvObj9A4nKv', '4HlBBxgC3cIZ4i7ILyC7wj', '2VLdRapllBiEIheOIVA8YP', '3b0LltmGyYSupKdJItFyY3', '2ka2toopDz6vsDoUNUhenB', '6ebm0Xb5kNUqolPldIfiyZ', '3R2GvChlVSnSiq2HVK9sTu', '4iGxxqZaZ2Z0YFiXgd8n8O', '5BF0Mb2gpxcb80JqHJm2az', '1gxJvqQS8GmxzueqMgvvwh']
5TZM8FoHBlbqXBKCllJH8i|Kill Rock Stars|['3GTaO7e3uPaG0SJR7Hxy8L']|['6Y2OzE1mEdG05Wj0xCCwQm', '1t4iBhiqqRd6HkAsx7KLdw', '6PjsAK2RjKH0xjt8ipn67i', '6bEdz4kn0M10cCswL4OLoe', '4rK2l6xhNnLIG5PhcdiK88', '7aukMIGBzFKX39BG6Yk6Mc', '2aMhhNN71FUuxnOEaPsXqW', '3n7tHKFtDtKxWtp5GxQIbe', '3VKly1IGagrEfPAAyw96M4', '6A1EkMedayZWnN0ERGA5Bg', '59UsuMTOC5GDIj2BRONuvC', '6bDeKo9wKOMu9HtnryOP0P', '7yPh4R5OoQz6AAd7VNiYI7', '1K5smv5bthyw8NZzVQf8nv', '25RfGWdVWPMWK5GKdrerhM', '74TmgG4aLSRify1y5lABhh', '0UhWzk39QzM51sir2gTC8e']
7micc5lnUW2YV2eJa33525|Enjoy Incubus|['3YcBF2ttyueytpXtEzn1Za']|['7AExSC7BRpJWpLg0492Gr0', '6YfdylB6iQQY3Uw8uXxrp6', '1vjzLvbIo4TXhrwL50dsXY', '4Huhm460sLvoQbAtOm9Ezl', '5uGDchRfwnxw6LN7Tovyue', '76f8pLUFhqiv9AzweVBR1O', '6h0irJae077eBnVvlYhiLn']
2ZGrNEHNHJht3VEL0ag9pW|My Squad (Moskva)|['5n7LhYXFfsukyUczxSPole']|['2enWpCrP1i2BRnAbr0qz7U']
3hs8EILzVWUSLljBX0wlN7|Seven Turns|['4wQ3PyMz3WwJGI5uEqHUVR']|['7cIVAikDoNoEOjXKMWMFzZ', '5pgdMTGqTtWTiXZiRXmKZX', '6EO9yWE6PixXLqRvuahD0C', '6xBbDnxcQLF5gb4wmikLic', '3B2LkPwTsPnUiqWHrrk2Yy', '3kZRafDK2D0x9wQ2wbRJih', '71iuZ23uBAxreex2b1JVoN', '7K8RrIVwan68ubp1BgYDvq', '0ZIsuTnTHDtOWLIaNpQMXT']
7H5LNy2PyN3VLUm5nnMZEc|A Decade Of Hits|['12d4iIvTOk7JkI6ecvc3ca']|['383Xl5QTigwj3QiA3Qc6S7', '7HRqpMkcCVVhmKme8bScvl', '0Gtz7m94ydKm3NYSLMd3fQ', '1i1qeqkEFO91r2xrDtiot9', '2j8zLL1gQTSswHlEKz1jRE', '6IcoSnfvwFlYtYxu5TKbgg', '04JxDXEJRDypv0mT9mxEHC', '5pihM63Tj50g1XjLxq0iU8', '15rq5I9f5h6KrsarWqAz9d', '5wTNqXUdWK275VO1xxKa79']
1Mytu2tdpoq6DFuyXV3W91|Stories I Could Tell|['61mdsDF6R351gSREUE4Esy']|['2RCxS1X5dMeWD9aJuaVwVG', '2Lp3DDn8KZWIQwLYIrz4Gf', '7zvBTv3ZGgvhcutB7jQBe2', '1QFBym68jK1M9VoX7zsakA', '18WkhkEITgd1lfPUC62ohk', '16tTVVNoAWym4b0XzpcW80', '76wFEjxYCKkv3YD74JcN9n', '5DxLpqH6ccSI87y0b3K334', '5rarS2DulMRD3ZwXLKAoYC', '5mcHaCaP3zQT4Y0ulvAsAp']
15UTuDuBAeSZPXnWvYYm6R|A Valid Path|['6HpZkC8GUktP9utE6OPWZG']|['3EMGvTA4DDJrZc49wS7PHB', '0dG2WSziAYg4O0b9yNocby', '13Qu9Bu02wr3J6FVtgXd9l', '09lHUEDUu0Ax4hC8HKj1qn', '2CDugxP5rVxCRd7rMRiAYB', '6dw5sdu4a2cpr3kpvucdPP', '3GsfnJ8HRi0UoVAxHbhoBe', '5TzEaFgFVAlEHkeTizyTOS', '37veAUXK18sLzKipleNWAB']
3Xkw0CXwKbicCTA6eU2O57|Ozzfest 2001 The Second Millennium|['5M52tdBnJaKSvOpJGz8mfZ']|['1pnzQd9dKv903Khiw76ppR', '0tQMjnCO4yDoKzFcDudG5K', '3RbcOgbrIPyGvDyBNox72d', '0TDSxzYSPJAelOrYbNDV6o', '3zm2xw2tuKzCio7wgrd1zO', '338QCr6kavkQfm8c03ykgF', '3JbxyXrJDf4tNLvIQI2iXl', '4A3zBRQmdTEXuMoqrCITX8', '2CWZlt0DGAFmeB4YJnhFwH', '4ZFnttOqo0cAHHnlubtzfg', '7kHL8vwcItsO3qhv1hcVBm', '2nFGE8Hr0GU7fSJ1ff4xvf', '5Xrul3AzghZLPqtLjvvYSC', '6z1fSOhJoHoNNUCYZTjLX4', '7FBjzWZHLuJi1j1jI3UNz6', '5LZBaz9U7FSTkDPBlT811K']
1b1o9ptRtfjuIi22SjAwLB|Twisted Angel|['2d3VHzlOEwXvmBdS4pzOPL']|['4AT1s8QMFNaYipHE2TaI2s', '6VLq7SUD5ApjEFFtHfIv5r', '7LKTHDH18Zy5wZVzQihZ7X', '49XfLdhAZFNJg4RW1419Sj', '6ccGAvkm6dTvKdCjUzbaSk', '33n9eNjUzoFiD5eN2MXd5q', '7sdmnoqGOxXK5kCzcgHyiG', '0iv99ATLdye75v5sTjncB1', '38ziKCMk9rinPgY5S584PD', '6buPazKNNTTL4Z6jLbHEtK', '1yZGylfVLuHDFJFeYwcmcW', '4QKZn0zjgNqSRw1K6bgTsZ', '5oXJV7k9pU6krgUe8klJeH']
66bXP5tHNi3ptsCGYrRNel|Side Effects|['0tQMeEhOqVRQBmOXCVmxyo']|['7wUPIqT5YlbbZiDGMicaB3', '3UDGrXITGUKPvCBfbZaK5F', '2riBrTYwfMcslFa6Ru2DnI', '1HNw2uIYnd2ocWB2o1eX4w', '4LYX1G6O2LBJyxbIBhoUWW', '6DakYgo1tZddMwfcjFqPaR']
6gAbGdT5sKGgRsGbkdhk33|Lola|['5yG7ZAZafVaAlMTeBybKAL', '6MwwUAN4kN0umzSH7w6y93']|['6hkr5ZGVOt3Z2BNGE6yqpB']
3yqFs6Bf5DCyGnnJM2RR9B|In the Machine|['63OeN5dXyJb5RlQiJ4duWi']|['4Nyoty0qFcOrBNwn4stMJ4', '5smzSA4VcKMvL95MgAAw65', '5HGS3zMak3crnV3XnEQUve', '3rDs8B9xlHmkTWhrrpwO5z', '5JnqAL9Kiu5RYVsKqM8lwb', '4belia2PoY8o3Zo2P1p0xa', '2nm90ZXTFZ1am7pRvAOTQZ', '06bAIcZ9aqV6kLEbtXPwLi', '1QphU61xk6pGqyO6yHRETD', '3RR21oamQM9OGRHm3IA1OQ', '7JRQ6k9Zx1BFa5Fh9Vhrf4']
6KUrpcJMp9uJqdOSL9CgrC|Magic Sam Live|['0XErJwG6aCEj7NpKsEZrrO']|['2kXU0QRC0E103JRKlOjnUN', '42tB2QWvTM2QF1Zc2OgYPA', '52q2X4JU5axrdNR93486qs', '3WXEX43tASHExN81ul24Hj', '56pMhtFooGNiOHtqxcXjyZ', '3CKunJ231wON0i2eVxAgMU', '1N3KUMIkKHxTPXWk1wGpAt', '3Gq5u2iCXJ4b3IpAfTl1jH', '5PlWYLZXi2qQfETEMnno7K', '27QujEogKqtgC9COOfAeks', '0WGZrNZjWRMa5MzZVUl7yZ', '0UfOeEXHIX34CFy8AeVt4C', '5IOPgoCnGt0Y08RCc664Q5', '7IBdMAt36wtYPUdav9agzC', '0JYLkX1N5bElBv8CLbq3Ax', '4udHDAWuWxXRtu5YbjDCca', '57ISdoEvWdVk2lJBYhUElO']
0QTT0QsYdwNTTAOwwKV2tG|New Standards|['5Ks8fS8lZJnTFbtvxkDOkM', '0uWuiXZLND2hyH4fjGnUqS']|['5nsv2SpgEa3YfeSw66LssV', '3GQdU9Wfa7YCHtJU6O6coO', '0uGIxlm0Ba68pcwghY1P7Q', '0vgQNGlcxXcsIaofH0r1IZ', '0d2T7kqZa1uLtQS382n14M', '0BqKoZamMOSMVPEqHFhK1n', '6yjJpNhdL6jgrfORNIwZyT', '4L8NETTMv2xreDOQh8tTVX', '0h7dpxqMCUomBxJRQ4zClo', '2WGTj29dzhGMC67CB8s5O5', '3nXXD33YcJgoQElKQnocew', '5sUCGs0HbKwDJjwumT0uCX']
4rRM8IOP281Rh6s0MVFljh|Submarine|['5q2ehaRqAFmM6tLl4vaVwP']|['03iLr5RS1RmoQPxAeNKe7y', '0PzuAtuS7lJUE0A5sPxgs0', '0GEstHYSXXMbfYvUNRnSzG', '5U2M97UGKkC6Q6gXLBKhOF', '05kBC6u2EwMBUDIsVbuqQT', '1XQXOuwDVbNtV2YPj8mVG5', '0fgsX4upLWs2qvWi8l4NFp', '5jRMqhFqP9NGmFnv5bBVek']
3UeshcanaZ1xd90cgmQmch|fear|['4j7EVY3kuDwLPfD2jfC7LC']|['2JAECj9kBYQHb8AqJ2rsxt', '46gvWfCPdOmpYxHbJq2ap4', '4leaOh7KlCBcyb23FJlXbF', '1Cm7r3vn8AdY9ZUXgsTtKS', '5AMzLpbFcyoMTE8wcvs9C6', '71z0nJT7qEgt66SKegC30a', '6YGPDRydgFqOB6UIIrYefx', '2i3RbXkLex6xvLIppeuGxs', '6OuILOX1jdzggSpLGcINYS', '2GHYJ0dhVds3PODKnTdiGE', '3bb6c98ADmDaRAaaBIuTgC', '1wRjBxbJqSCEny5E00EsOP']
1s0s3uUaU5CVFAYU17ZAuR|Cheap Date|['5l2EAkfckNPYZbEDbQtEkO']|['7vwh5rKRSio6r80J7FdCJB', '7u6C4OU7PNp1PpW0YEgvzg', '4w77xdfmBPaH3ayzvHqCbe', '6gsunpx9C811oU4NfY6rIa', '3IACHbqgHqHx42vqRhPAVV', '5JujHhDsaVI81X2btj3Ytc', '195su1EaSmsQhbiQzzToL4', '12gRVDWvJstVH26uARWFUb', '0GRErrKsWzv0sj8u1a2Q1o', '2T2lFzXNIpfI6ndV0dZaih', '6XkmguZ5hiQeAOHxh6harZ', '2Vfv8IPLYk02jtsOKh8BaS', '2UGx9wCxJsByVNIEm0wjhg', '40SE4lxCPNibwbdw1zzWV5', '7MZjrq6DkNqEqzxd8auyxu', '3MD9jfRzSKQg1aL231LRpa']
0mSmSTmExuzxTrmM6tx4a7|Seafieldroad|['03jT8XmGSxo1TNg6nYTtXt']|['4sPpAEf0OTzu0Pl5YHuuRP', '5TgEVmA67UOMTS2EJXrtpm', '70qkl7ICsAR05edJjxgqNH', '6FImCUmk7iSd9c1P2BFBhk', '2940GGzifztmVPyl1E3yep', '00uPpVIeshITY7fysG55va', '102czn8ateTl7XyBzVGbpP', '0CWVMY3f2yGwsnMCMfzR87']
4k0Sm07iqTfqsEW4kNASMr|Isolate|['2TlDi85T3NiBxg46RJkiDL']|['24YlLMHlcwvArIHlbU1evo', '5QbMYuPVoMccuS1485vOHy', '0rJxdUyQf1y3de1YMVaqXw', '2jkwPQfCU0B0HO9ruwVcbH', '5wwokTRZkkUjGCEk3wMvCZ', '2fmjszqYuJK9id5rYrSgky', '2svZFFtpfhQ03XCM5XvmOH', '5fwyH5ra6yD9IHgya5TlfR', '7p7afH9RTEOlPNLskpJrNW', '4gqmWmuRevo3hEbQwp29E2']
4Arv2qXssKmDhOxKW9pUcO|Groove Tribe|['4yt002Vil1q4Vl9JOx48QG']|['4BQakuXgZeCKh8Qfb1ISE5', '1OBxxPVRGfLYIvJgOjyLSh', '5zljHegazU4yI5uMzBUAsx', '18B2oE7nOrkxkSxBXtNgdg', '1zhpPsOaCk0MMIuutceWIA', '3el4hSHirhLNdbFXqpF2pY', '6Mh49je4eWVk3agJu9khk1', '5OABuGyO07Xjsv3YybFHFI', '2xzEJ96w2QOkc47796ZSjI', '3EOTqLimBnBQPSx1FbSQ9w', '3y7efo0menWSevGa5J40gA']
2vaDuZRBDngqShh5bqbIXj|Ensi|['7omHde2HZ8LCWFgOD0EvHw']|['43s9T0aRA8GbIDLCj0vUJl', '2nAH605VOGDAjJYZ4AIKrT', '5Nn19xoAatWm4BeIlkHKyo', '0ceNSvcBOSuazSCPcN30PP', '25JvfMGUbxHNOQrn8626oa', '6KsIZLjtUCDstmLIgcakGN', '7b1mEWP8z2G3e5MHLv1jFC', '3Dg63r11ftNsl86vdHZtVd', '4usrYrulmJJcOJLYYd8PFU']
0mNtqr4ai5szaFHPW0YiOr|Baile De Máscaras|['6X8of8pN3bsoU2W2KlPaCT']|['4irNraezs3GaQZvJjv3EzB', '0gDEnPiEX7yPIXC0JpGmbW', '4kO5spm8D3psXLqxUPKEol', '3xrfvfHP0WCjmisthfFff6', '6pMLYRgjml86VGxeuQZKru', '0Cwjc8PqEXpmJNFm7QYYMO', '3Ln64zYZ8cbeKTuVnWY9PB', '0qf77dsjbZN04MSG5I3d1F', '0GBedM2CJYtnqqAHmwSpdY', '4dkjBALVVxlo4HgUUvMENL', '4DcpIALeozpO69SniBNMpR', '6wulmNhwuptjQkNzWHZ7Ym', '3aQsjoUbAGdNJNSfygp1kK', '70CUc4Drtxl7iJ2y2FnohG', '5U3kvVfu9aZ85zSmnliesp']
1dW0OOoLUB4LLZRkHQLmrd|Evie Ladin Band|['1iLSCtfJXy3IVYzeAkJXDJ']|['0FBDPTsWFydaaQPfjqJPQZ', '2QSqpcHWIKnM0wykLeUFF8', '5P7svV7gvhiOFnwdpKxoIA', '0EYVEjGZBX9yWIu5x190Zw', '1jwQfnRtBt4JZswXATOynh', '7wHbqLrSmalaPfZpjXd1jQ', '4trAbfIotUPfJECDnnKoTu', '3bTUF7iYtwKmktfQKkRG5O', '0pKDyP9gczWWjst7v0YU0Z', '02HTpdkUJgCRjEqTyDzXGD', '0eNXw7ffZCUYboybENOSV1', '4JIvTpmIE7qiSxc4X3MwwW', '7JsVl3mX830gL6i7ZwEbJh']
4eFcQ0WfKhfEtFRsvlS2xk|Locatelli: Concerti Grossi, Op. 1, Nos. 1- 6|['2zcA2rLi9jv1i97HmFWFv4', '3COykW4UPvB0DqwnzlnfWt', '3Ani6Kn174IpdoGePSMFbk']|['7ES9Y3DExZ2ZuPAlWAoXVG', '4zjbJH0P1eeefHM4RtGqLM', '2UdaNkXTMIxInUXKmhwa0K', '1YzzggaJpWOni5qRz5QKXY', '0yXXw1qcGJR8Dk3KvJ2GOH', '1ky3cNL6jrIhN7VtRCBz41', '6wYvW4DJESt98vUIWHzCqi', '1IUZ4gAvD38c0NXjDsNVjn', '1TB24gOdGrCFWPKlDzqQm1', '1tVTUZVgyRoA9Gpug2s4rV', '0Z6VU8bmlw94BAMCvu6Z5O', '4jTr8qOH1OwcqgPw9Y5xZE', '1K2HsOhmDtzXsJtJnPYw49', '45azl4z4ovpydivnoL4RV8', '0UyZouos8iD03ErF0kNxNP', '6coAMlzjtFzgrANcRQhVtr', '21r1FXJiCwTxGXmXYEgneS', '0nEY4xDxj1zpEVa8MC7hSJ', '556CgLNcdV0LOMfuOTXW1m', '04HTC4wG7Y7a5RHfts7QcZ', '2FccsInGrqgYeXIedCgtQI', '5x76eFnCtLWupAo6h1ePH0', '5e20s7QMB3oJqRgXD8dwgQ', '06ztGvBP4OuWYUnnbsbZfz', '6xcldfuJBLWheWwEv0xskV', '7DysV0QqmQefWyaGSfdsjf', '1kiYsYDjQ3G1FgHXVQt78Y']
2F66LRNUc5LQRC9qEVhfeu|Stand Alone - EP|['4oUHIQIBe0LHzYfvXNW4QM']|['1yj1ZztSGITJ5Nf4mfH92c', '77Q8V48a8jGsghvaVNWMaP', '5Gy4y79aKl44KZ2BpmgY7P', '2S1YzIHFyLxLop7XCdYrTp', '1jYHeWuwdAcaI7D97GTxF2']
194G7xE0Y4IIDhLRBIP76C|This Is a Spark of Life|['4iYX16iq2gdeSPUUjuYPMH']|['1mzbcyPHQdzkPsExOtZryl', '2Ikti2icGM7E6eFel6trKG', '0sJKRHhPYuWso26uWaqkr8', '30kg134YtCYWcNA7jgJUDY', '5PMihjas1its9EfvT3fFUn', '65xfaI6w5KGlbKQ2rkoxVl', '5ZGjgedb3rLSWqQVs8hCoU', '1OR29CDoZkgNgYbPHMuBTD', '0prv1JqFF75iNvjr9ihOho', '3ejBDmup7fFu3mMrJLpNNL']
7AOWw68DEPnDmTpquZw8bG|Riot Act|['1w5Kfo2jwwIPruYS2UWh56']|['2BcBRQk7ODkwWmLgVmcdoW', '4ilxCIvCVtBppVykx9UDaX', '1chdbWCaBaoQUQLWEfew5l', '55LCdeXqozDZa2PClAERJn', '4gWzDHJjOjtlZMqjRHAbAj', '79pY2Z5eFvXMt9bSdHLrnA', '42JkURlKrerwh2JdlwEkg4', '7Hd4BJFPRYnF8FRyVhrXJr', '5QLZlfPmgwIlubYuOh1ZWf', '4Yp5xUxJWRJrg8MFK3CeEv', '07FbAbLMzbiuuzUpZq1wcY', '2boUi6EKNxQwn1uFwn3LVP', '2Iqf4Ee2zr1LOi7Osz4Gtc', '4xWWXa5myxGjPKsQw8QKcx', '4o7SYOv7mNJAPe0tsxgbHc']
5pCXe1ZrHEUZeYhMCe0pLX|Palm Trees and Power Lines|['04RtvnUz0XrUbUZzOA8ZoW']|['1ZiQSh857sjgpXEiGW6GDR', '2UJdzZC9PqzamARbdVX8Ce', '0ChpoNjXfJPjMvCIN6so6J', '0YFnOJ34D4CB4P2PgyPTop', '3AkyQA5WWh5jR4XrUIs4Ur', '3n2anB4L4hK8H8XBcKbnGE', '6GQbDyiharYP8AaKKYZtpL', '4WYhO5QZNYrYzzHEQ05Qgy', '2Bs3R543uDKVJM0zulEg34', '5p9NVSwSqUacCgWljCBuLt', '6lUo2HJQJscPHPoVd2A4MG', '5GgepdDF6n4MNY0zEPxWAp']
19m9G8cS0IbK7TBe3Sfvrw|Talk Talk Talk|['0O0lrN34wrcuBenkqlEDZe']|['3C7TTVCeSOSkNtuu01WrVi', '1h0eIoVQKr6fF909tzn90d', '3tAa1Sfa3uougBb8aKfXVl', '54Zbm7CK8qMikwqjrrMF0s', '7LScoCMCTCS0cXaXFbrGbB', '1Tl3OKXFI46OmECWjDujsJ', '6TM9uQTTdtgOEvTKSNkYLt', '2eWctGcGQW0mijQK8KELt9', '29yKhl4rk6aphswH8zfnt2', '6UK21OxDvKG41W0zegQ18F']
0L0c9UY7fFj2S3NXxD1t2g|Species Closeout|['4mahx7nXrGCks8TajUanEY']|['17RotlN2CUYC1W2jxT8FAJ', '1UxBZVK6KXtGVVrSdL8clq', '71zjd7pClLfSLItQYqFE2H', '4xspfKBC4AyjNYlocLRwyb', '5lwnbj58jnHzewkEeiH6k1', '7Bf6wPpf2WDSfwi0aCvSAk', '1azUeqTTr8WkR8zwhFgB0P', '62ScDR1lKfaD7Gz78J5VqW', '1ECmLIc4SjsbB12tgIP87y', '3VHV07XtN4pTdMD2Jvh9Yt', '6oPHCrND34Kv8mt6V1IOq1']
2jCohtmFkJFo66dNQXVe3A|Legend - The Jerry Goldsmith Score|['7t9ZtppToF86jkNc7AEVEf']|['2GpwwBSH7XTouOpBkcdFZ6', '7DT2jWREKGptgvh8qcc4OP', '38il9QsZDqofQDZA3ZEgfc', '2fEOqUG773jdlbqCjE9Vit', '74I7wVhzLMJ7A89MCpOcFv', '6sqSxnibyyc99aoxE49sul', '12ZuPyf22jXPhdCdbyVliU', '75BKColq1dsatLk94xYJa6', '2flxWqAMKVXoXacYjZ4QKh', '6Y29hKXJWAXP7Hwapm4bBc', '0FADkmtszjIYIDiQ35B1YS', '0qLcDyN6krHQ7VBtWOQFXD', '5ozXb4VkB9CUioNMrAfcnS', '4JhXr6BPc2US3T7sKfy6tH']
3FrJsL0RNTYOZFTSJV0vz1|Halloween Horror Movie Themes|['76PJKS3IQsf4sSayx2taE0']|['7HukwYev0NJZp5WbyHZa4j', '0mdvots4yROHCdm8IXNHUw', '5E65bzpl1MyoEOFOG0tuBs', '0GnT74BGbxOJFgBTgNNglV', '2cfR3Qpa1LATng4MHnJFwV', '70Jls6EHiXgC4HeeUv8CGc', '4pyvPOWyGqlhwqDvJZGm9r', '6Jl3E7qD4xjXVA9bKqMPSn', '3z9X1x51XatT0fjrjhJ5AB', '4ztTLBRGSDFOzr54xSoqEx', '644iLnXqvFzl8jJaAyajLf', '4r8YJ5D86Z2GpQd6akTBdL', '1lYoLrR6SXv92wBBCWHuX9', '53mH5qggt1IJ3vEoqamGq3', '3WLygmYXrmYfZqf90yhAwr', '3TfSrusl1hERost1zhlxNA']
5rTBiP32QIJtrHWGeSwJwa|Lola|['5yG7ZAZafVaAlMTeBybKAL', '6MwwUAN4kN0umzSH7w6y93']|['539Q6w1M6ANei113ruJ77g']
1Lwwojt5cmZyJJO4dx4ovU|Leave Luck to Heaven|['2GLf7iaOOujAem5R87xwto']|['2FstzwF7gupOgLnTWhcc3L', '1eqGGUeWQYZlTS86mkqqXS', '4aRMykKzbuMwserVOqUuVg', '7wkA9xErCVZLmpVKkwbR7g', '3hCMJXNzBc6vuotESHGqKp', '2ybd5IZWqVWvYFVHdiEW0M', '5tshtjXBM9crxcRKLd8ELA', '1ycKXQQPLWZWaz51XY711z', '7IXvbQY0nPHZCKOX8Q0OmJ', '6S6aM1iQFt4lgxAK6gx1Nh', '2jxHAznfjPxgm1A9xBeSmR', '7BvUipeGRempQcemX8yuEy']
7xZhL7QhHnk9ivr9wuyGrt|Rock 'n' Roll|['6MspWdWzglO7BylWxTqfRW']|['4FUdIslxc46taC5NX130xF', '4NYleZv11FnES3sRdudyTF', '4P23fLfxqPwYdWwo42Ng7i', '5QgGvzSIZA2G7BK2qyheJC', '7Bwgd7xprwpbYk1KT6dYrm', '5z3hvffuJiADCUf0VkbV35', '2zRIOwyWAdslZY0YFYqgkv', '5SEMIREQ413OG9GtqxisKn', '27bzmpjDakC8F1jKJLrSic', '4tVZgxy7nFP1QRHPxiAxnT', '6w9GQx155SYbwS1Lnkmfx6', '53eCwXQM7hoO8exmpFF7tH', '7u1LLhNqecfHzu6O0SD8Vw', '4QRAn7zbXeRtS9pRBb8nJu']
1xNm5DtehLtl7al2WAihVa|Plug It In|['4YrKBkKSVeqDamzBPWVnSJ']|['2aKxlY8n4Cp0D6O26ehbok', '43Bqk2SIOlkOnjAB7JovJf']
6GxUJzRzNvhCKWvxk1wW3T|Trop précieux|['2nsGWZA0LtO7istBNsyNTE']|['6OFC8OiWLVuhm13qMdAJfV', '2l5YwFuysPVZm3De3JicrR', '1p6GIfOZquTxlSn7DLrjQz', '4YRyjgl8imu2Nibw2COKyH', '2s2H6rkWzkeqEDZNeTIghC', '0MtajwjuJjNlrMtBZ3u6sn', '34lou4eNALp0QEgFjDwan3', '0y3I8FbGerXQSDcJSaSfy0', '4W7VPVKoOM5IDZrrCxUuEa', '1x0ZKCorF8ohgjcTQa6yaQ', '3VS3YVulTxnU1qNfEF4rXb', '0zwy9WZ2W8AsV7JTHWpT9n', '3PYrlPY26ukjap9aSjp2ST', '5SAUBtX81LjNwYNgw2xmrk', '1Ur7NlNbBv46jlqElySQ3e']
3FabCzGQgFLqkCqzceB5ii|Hi Scores|['2VAvhf61GgLYmC6C8anyX1']|['4cK52WJ9gD5M3VrJoZvhaN', '5ibLVezK2NlPSq2CBaNl91', '4twZPBdFpG2AXWrlRqurnQ', '0m3cGW8hDGSuRTxoLtFsco', '2LDYvpug35TCwdooo62tD2', '4OO2lavE7yz5Ane6fEYXp3']
6FXmWlfqv1kosLwhcpN5pL|Simple et tendre|['2nsGWZA0LtO7istBNsyNTE']|['5i61OhSVdxtPZlxS6MpSGi', '6ItVe1RdlbiEB9lxOSYvq6', '3B2drM9EHlkclMT5Bzu05R', '4YqI60GmrvIEdnZvT1vZIC', '3VQihDLkUNB1w0Y0ST5TlY', '1I5j58RnUG6aRMtamkfMdb', '31HV4yAa7YOY7RiDPIR5mo', '7g7w6oY6mDd7LOmTvSQYQi', '23f3TQsk2hOJTwED4rroig', '0yurGlaD285fZsn4dPZMxO', '3N4YWxNFJnka9KTfkB2znq', '5FAL7C5REtZoK4ji1baN0w']
60eAP0zvnqGs7DqvL8Yfn7|Toutafonlive|['2nsGWZA0LtO7istBNsyNTE']|['6VDygFpfjeWK8IZR91mMNx', '4WuK6JBD8t4uNgFYIow8vc', '46nTNiqfl5FhS8hj5ntaJF', '5t3xycDNZoik0QBMJBDMsB', '6dLIGqdIBXMMxexeLTjOqX', '0G6LyjpNlRRnc2Uv01LGW5', '5Rv4UugQRHYaguKgVoXI8t', '1YCR9ONuwM8QB0fkRndM3t', '6S764T0FdVFq12y0xTLh9w', '3ppesvS07E5AmeFv6NyFkr', '2axkGmKzAOfyRYm8fYRIAM', '3bvmX17XnqFCLoFxHWvaNK', '6Ej2lYUaNuGI25Ck9ErKr8', '7ha2uC9kAkRGRyIq2DN67R', '4cONrg3veUvUOhUSwcZmYQ', '0AR3cbhTQt2E7h723sKcuY', '5nWv2OJUeeEs6ASE94ZGB7', '6io7wdBmakQ74fFb6ZrHq3', '17kPOGmLOoPPr65Q5q4QN3', '5vtWlhg1ZcfBiatyB751sb', '7C1AWAxBooXL2ijFkHGjvD', '1FOYtrBMm3IKcODiYmloMF']
2Jod9Lpdk1TKFyPYIh4dKt|Beethoven: String Quartet No. 13, Op. 130|['2wOqMjp9TyABvtHdOSOTUS', '0Sa1iJBa3qhiBZOjjPrXDQ']|['5rJqfasVsmzIGAslHthbV8', '1ubI57hpYpZGIKlZB4QKpr', '1vVM4ME30S7rt5FDCr1xx2', '4kZjvOzKMLsr3ylRFRHy7q', '3pSoUHECMFyNhAaME5iTDb', '05fgTGLZDM79qXAsiDfTfW']
4lZz3iIX7TFD31msCkui68|Live at Billy Bob's Texas|['54tWKkrjv4bQgKrQrNlecm']|['73rsE9ta9zcgsJUyqOg7Zw', '6EDntGp9mUKMWyA1bF2Ush', '7o4SBMnyKnwomjuaiebj0W', '3OcebvjlyoxAqGGQEjeaxY', '3JVzMRLOg9ry9rGJzpxCc4', '4INKAoBZTxIujVQL0dDmt2', '5UjaWETksJEyIf3Ofn8C4s', '7c9IO5TX2xwpsEPBeubXTs', '37iNFw3f0sxgb5WkiTXcnQ', '2NPq8BOu3p7a2yWPA9wj8y', '7doOJKr52oHCTLmN5WktTV', '3LDE9TLYhY3PCe4Wqelk8G', '3AxpW61mJlBzvGDfj9DqWK', '1PpzbLCpxDdGyssqpQiV8N', '1yuHYFACJMHKXyVLLwo2kj']
0TGTGuc2vXv6ZECoAf52N0|Good News For People Who Love Bad News|['1yAwtBaoHLEDWAnWR87hBT']|['5nKe9PgCtEhqdnvXAQIBhF', '5op53ANI4exiWqFHKuwWxd', '2lwwrWVKdf3LR9lbbhnr6R', '4ToYlykhwpW98KtMIGnWQK', '5OyurLkQVrXM7I33eiF696', '72zsr1jSMnaMPtl713jXeJ', '1UnB75lnUCGkgru3tEsQYY', '27QCaXOhT6qY0NT6tv5IZ6', '5b9lH8ThEcXGWsBM3TqAi5', '7mKkJuVgkR72ozJGvJOTHP', '604fgWYaIUfr9UtBe9bj1p', '0SCJXZZKUHgbWmUkhCpA9H', '2q5zd5u4A4JzAbes2VDPjk', '0UhIdavKe4EQSJCTPd6wQa', '2FgVVn5jX8lE7nSLnYKLhE', '1fBO9S4vo5cfCfRK1Ofaxa']
51AAegCNOMcxBs1CDkWRpK|Contact High|['7Mrh9cRZW6Ax9Z0BK9X1P2']|['2vfK7qtpB2ImDfhEoCtmmh', '5n4G048mo79QygvYHvpkKn', '7u1PpplGG7o9WZckgfG7OO', '5xeLS4jwCmDXUXh8KrS0qX', '3vtLpitfsyWTjMPX7bZ6mx', '1jigaI4G68RwMthJLF2Ncn', '1dsiVtpFnS4yEqY7i3bM2j', '13oEgOtuD9Uut8GpUIcsCx', '5Ylz4g9FasNc9VN6HIqgRK', '4LB2VPo1NWxYLXb6Dcqmyh', '14kP2JgGW8hiad1DorTKtA', '19yUmIaP4WaLhk0UI5lUQD', '3cSBjGFHKXN7jIWyrERrXy', '4Fj8O5RyJtqHwO7jrTc35L', '5zJrGzMCgk1qbJpy23EbaS', '0FxmRj15EK8slHsmg6yXpi', '3DEABmpHaTLq6oh7KeKjqr']
20RMokVwJ2wjQ0s8FOdOFC|No Strings Attached|['6Ff53KvcvAj5U7Z1vojB5o']|['62bOmKYxYg7dhrC6gH9vFn', '2AW37v0bDyuOzGP3XnmFuA', '0B7Hp8MXbiK8HoXqqYqTkW', '1eV2FGbbyxCJ6xaLqBRiFW', '0gbysjaH16DW29QpUnowcx', '46n2EGFnPC3tzWCN1Aqe26', '6wOlzyu9hqu4Tjk0kPNv6e', '0yX0Zw8ouA5lD7rbzWfowL', '0MxKHJEhhFOJsvYak4Q5Bu', '3TnT4ULnE2bzJG40gUtZh6', '7Dt3YcGl01jAdxJrIXf0T6', '0b4u7IhBY61kSmS8wVIPYg']
2w5XKopVuVLd2vBtpQBnfY|Wise Up Suckers|['5rIXueJu7zVE2gDZjUM6g8']|['4Ni2avmIIQT7wmoKsr42uC', '3dGLffaYNgDO7dGeLDPgTK', '1d2kKZob3SC2Av0kJgD7Cv', '0uEcala4uGjuHac17yEmmy', '3mWVPMcAgLGOK0cJunTilJ', '6SpmWu1rOPIEI0piQ8lNTl', '6snF27wHBlfe5Okqb4lvMC', '6grJ7HnfwRuIsXWbQCG7Mv', '2Cn7Hk2Y8ABNIvJJVTfmax', '2l4AVDMNWHkP43c2jV96qq', '3Lf3eL7ubQkKkn6Tea3tGp', '1fy5ZOxBCvkWmOmyel80sk', '4du2w0xuRVWzsvz7iyp2Yv', '6b558IP0mDXq4MBVmertdu', '7jmeZqNkHLDfcF47Z9MGqx', '4tjtfTQdQi79c1OgmGCASp', '4oHCUz3itlLOQk70M0Erq6']
6Hm2wnbHIJGr6o6j6XGNfr|Inspiration|['3bU97PoqnxjKD45CrfwmC9']|['2UuhxbkihnwgKrctsiHH6v', '6ALEZB2MyHBqXEYJ0aa7eE', '1ZvQY40FxVWgC1O9C5Ns3u', '2kc9DeP80vB28KaWj4dLZn', '2i7pHqSg4WnsrmvAv0j4YX', '4DWAJ06lSnSwnWQrCyJ8u7', '3W42MaqmnjG8OijsOPoA5v', '0zSY0wPBULyExXWfocnBlC', '0sc5Oxyq5NPCAy7Dq9wob6', '0Q475O8bJEcGaTkmpaFJGB', '6dtm2pAkf9rrvpYi6axfrT', '3JWtsKIWDZKMX1fBspz1t4', '2PVVxcpUw1ep4qXEG911hS', '1pIzn7GG47VKHRWiWD479u', '0MGJxSkKzMX9fwz3NBxgNS']
6e7fpgyTdxweZ9nN8xvsNO|End of the East Bay|['40kEZMbH9ggiVDx6Va74P5']|['1jVwKlhHyebENdBS60tONF', '3OEqJlCnxeHPJwV8rGOuLN', '1Ppr8xhmRdw7WcDDSdInRP', '5ApcMamH2RKYCaZBad1s7V', '2eH80mG5RtZIk29ugFHFFR', '5Vj8TTiLtRpHp7iuZiG2OO', '3xRFszZTe09INOuIRCTLsU', '4yD7A166O9o5USIIPzb98m', '0Z2QYWBU5xjW1jMAIXcOHh', '4Cd7vXgZTXN5BxiwqXr5c3']
5m6yAsRWDK60siXnrAi10y|Grace|['57wr8iXJZ48J11WPsw3Ng0']|['2Ygx2Z2mn7NzX7RVw1b2mR', '7uXNcoP6MVkCih10GRtM4U', '14X6WtGlH3qL3pk1ligKLA', '6R7PLJ7ZMzhvbbQe9K4ZIa', '5QQZG1FHNHS7kpJJ39vuMM', '1XKb6WbfltQdJCAGMDcvMK', '2whKr4MrzdQCMZW4hp2LXM', '6NqpaThgPPI45Ypsz9NGZi', '17rJEmrPoc1hoPcybdgxdG', '4lGfb2FDqXXtamiY4LPCXd', '6A5nPvOdihAwgkIlpl4OxK']
4FCk0xbzOa4PXSM6cqLkGK|Masssacre|['1ce5hN4fbJMI6jtMoNO3Wr']|['3tsS984Fd0h3quKZtHWPkt', '52O6PfNTDeviwBeLwPP2kP', '66dq9ckEwLvHXrUY7PsSzs', '2Ubli5ZGz3gJBKPeg7fpgi', '6HrDQdjbZePYauBQBb3ROF', '1dcvNObh1T2nsP5LBx6z9j', '5lResAFJQZGOQxXKr858Sp', '2SwyTQbPj0Uvj6gXVbreWC', '0QqThWZPbfJSnfZHpEuHlD', '6qT8AOLobvxrViMEBIbYSd', '6Veg1kL8xV1T5jUvv0IxUm', '14LNamzwGcHa4uV5NP2szX']
7LlYH0LwJXBJRL9JcVYG54|Britten: Concerto For Piano And Orch. op. 13/Elgar: Enigma Variations op. 36|['7MJ1pB5d6Vjmzep2zQlorn', '3iGPkN4UH5LDoykiAzEq5U', '0VmiaOzhvopQVjmAhjDQTw']|['331rCcrnsU3lUM84b2tBO1', '2pIuSNPOjFKm8azLVGAP2d', '6RHei0FJQgpD6AIOCid1WV', '71dyv2q2YxZwoVoOST6nG8', '5fiavcQaqzBo8QUUn5YBgA', '7B56JFWGfxWVvssILzA8rF', '1umNfavwSTmRBhKkJwUANl', '018RBhft92M0ezGRCJOBQU', '7LQteg2KyLcyBgfQM9IEaJ', '3h1wDaQImjrJgeRDeCrLfM', '7gOunsGnEXnzWB9dOgztKX', '3SE7cbRUDc3cmFbBuFUpkl', '0ZHskV5sZuER0QVt8gTx1m', '7ILX4EdX8XIqrPxxHZqWQk', '02y6MQfjtitllgp2nmZNMJ', '5zZF4cxhuqeLOVWbueN56h', '1MM1YaeFCeKygsKXJQrGOi', '6SjDkW7f5POsaeyqL04fAm', '6dRWZFn7CKESoHuEJy2fcH']
6FCjnmY0PZS0hnQhF5PdyS|Acoustic Christmas II|['0hg9JlV44dWQTbEXiCJG6b']|['3BEsV0OePm0tkidKHOZWg7', '00EeSo4laQC00wS2prD3wT', '3eeTENi3gIZxADApHGn3Hk', '56vjPpOWJIUmWMWMpxn8al', '21UUi5oWdYc8QqUxLhiLX4', '13Wr1mRI57sIRayKnEEbKu', '21yUeJGSnoRg2PN0zXJ1Nb', '7bVQrc8Vom5RcK0p9u9EYV', '75qvCxdiIsVAflKmTzuuyW', '7qFpIDIFmDekR7lveoljTj', '2jJuFrl7IpLaRPbrdwfjMn']
3K4pbWBAWkN9g2JTvFMa6O|'Round Midnight|['6MspWdWzglO7BylWxTqfRW']|['42kh3j3kauLcUnQLVC53it', '3ccPlBOmUQIA5OThDhFgMI', '1B9zNKd7xaSCD9IdqZFOtE', '4S5Q4httbA1Nn6JVw0QB50', '4hjd2L7viRVnsqBaWi96sT', '4HhrngKm7wK7MBJoIpeCC6', '1xcxptylawg76P3y57Hy4T', '5Fm0YvXhmL9cVfwOMxDIVg', '50Z3BXwdUao5FCaBXaALOx', '1MqZqHStASgLj4gmFwx3Nw', '4UmNj46lhEm6mWCZxMNKjC', '5ySrH6aA70KZmCMCK33LfZ', '3A0XS8RfaS2vuEyaCWm5m3', '1C2Xb5mva9rlRtOuPzF4ar', '3fPCYXfyHAtwXSTCpY9M8G']
3lX1mALNelCdd8LkoW3eH4|Song of Botchi "F"|['5HlGwrPXNdL8YmBF70jcvu']|['34yLB1KomyRkkEVW7aHsQ8', '7pvvRFxWMCj7TWMJXHq1B4', '29GKm0HdxIqlYny6oz4XtQ', '6Y5NXMYJHfHFXgeoqc1OVu', '2mn8tUSuFxErWEh3aG5DWO', '6aPWtGekoo5x0WH3FMD2xu']
692TxsWk3ixAjI2V2hFQ1S|In the Arms of Chaos|['7AW3xogHSCa1OMXQ8dyt0Z']|['6ale1pzcQ8xem5tcVGUBRm', '2fF7PxmeeC8MFPQVRFZbqg', '1XVTzE31vI66Xj6ut6IwRW', '76W4G9KfMY57dtEQKZedNm', '2xLzinhEjCofThGhzo6T7K', '2uomjQcNiuwSKhiTirzAMR', '2vGwACKKAUKZBjtlzGBtLh', '7hK4hFxJTuaBjMFzJIAZCH', '154R37F6kZx4Q8LLjnxZ6R', '0wHy27Hb6p2codhK1A0zjZ']
3od0OdWDIIO8fF9Plb8Qiu|Trampin'|['0vYkHhJ48Bs3jWcvZXvOrP']|['6cpFgGf6JtAQNDuqxaFivU', '5MCHIUiEjVJKuKxoMgLVZe', '5AQzI7EkmM2zLwwUaTkHoR', '1iCD9ahpRqRBA118LstoEl', '20YUih3OCUuwxNJk6tRjmJ', '5nbiNgQpP4PrMnXaS6ooG5', '42wOatS5lRuQ84oioLn6g1', '0KCc0bUc0a5nynTbCVbJva', '0iFPYJC7WvCOgt31HBHP0O', '2jL5XIJQdNc5XgQgAnL8rE', '1kFXehwQbne8Rh2rB6ylRG']
1jjRCEFt2eCfCNWHV7AtEk|I'm Gonna Show You Crazy|['64M6ah0SkkRsnPGtGiRAbb']|['5LtNBCM2ve0SxP0dlRVvMu']
6dUKgiHU52zwYJs4rSDug0|Between Here And Gone|['0qAmeOULjwn04k6jMMeDyr']|['4HOEJiRSpD3u9yJeVCrsyg', '6Z2vNvNpkVb48SqJo5XDlm', '3JX6eVsXhnALkjPQ4UfWhk', '469dmuBi5sfGPzoDnOzxto', '0jymXaqJnT92ZTbJ3ia8LB', '1cLvDgj9r6b63VUiKonDfu', '0A0R3OERr6J3HC7HaMP1ch', '7B5QM0awFrlzpM6QRchhSo', '4Hyr3O2lDHwhqSyfPIP26t', '27pHURmYYOoWIgwP1ycK8G', '4m5neF8aXU9SFSTMikCH6z', '5aNm8yeY5CnMyy2365hbHq']
4zSTxtRhhCRtIxXsW1CQUd|Hunter Hayes: Live|['7H6dkUChT5EoOQtUVMg4cN']|['5ngtOsHbydmC5nRMfMqKb4', '2VxbOID1IR21xDYmmhZeEi', '79crFqumP5mGfR2e926lTM', '2Am9L2vyK0PRdgjHt0mYa8', '3AZwIDxaCHZgiVain3aYDm']
2Bz5bivdZWIlKplZzjsq62|Let Me Lean On You|['7IgwdIoRiNwYH6cZ7raJwU']|['00CV3dIppTIFv6VxodP7u5', '65suFihGI5bJKFXuGezXDw', '72fbJ3RB3DEizvSMcARBYK', '4ncNJiIumFrgh89fXYmmiV', '6nmZew4IP06riF1JBY1gwT', '66MwJrYgs8TK1vgiiVHO3t', '7BMwCYSCdKCnzeaUchIWIx', '2WvdozoMRjNHuc1YDOmmSZ', '0wi8olQNZ7hCFq1tFwfGE5', '0rG7L422t6Hav86Rcul4KY', '7rwS6qj9AXWy4NnRgLRy1w']
03dlqdFWY9gwJxGl3AREVy|God Shuffled His Feet|['1YEGETLT2p8k97LIo3deHL']|['4WLgmGjIVT6aGq3D6f0DpA', '5fsVthWDO8O4JwHSYMAD6F', '31v2AQlx4pDI7kmnLxBkem', '3LdqbgcsaCP37ivEx5gkTm', '2ieh90nZLvQSJM4pWDr0s9', '47uwvw9tJrFJhg7btbJw0H', '0gjLVRV7Eo8EQOfjjmu3pz', '1ZxRMkUg6O3N1KcQWLc2rg', '5kTQ3k7dxW7Tk9cqFN2BDd', '4D0Vrwpjp2kJpInRoZu0gh', '2c6aVnUEllfBp5MRsfk5WJ', '5pMFZBAtDD6vjCoP9JptPA']
0fjkgS1zQxeWoctrtSCrp1|candycoatedwaterdrops|['2tbxcCCM7A71cmkzuB8lyH']|['5HUnL7j7gPQC3eCwj7qNd4', '2iWTsNDdK2X1dYqzxfkDGi', '6u09SLZkdrv8JbId8S6e6r', '1Jfqf9qTya0lXxIDjMqBN8', '6CPMpQsrqWWi2aK3ZCrOR0', '36Yy6339Cb91H6EL9AUAOW', '5e7ahPvOSfcGDs0HmEjruY', '02o4D2rUSGEEewM8SgUulw', '7GdbsXmM2ysq18LQ0F0M2Q', '7yYcjo0lJOCcWzmgHdxrvF', '4rLtOcQFSzdJazH5VxhYTC']
3I1zi5eB3rHCYye20JoG2U|Transfiguration of Vincent|['6nXSnNEdLuKTzAQozRtqiI']|['77Qyfl2BI0s87UgjBrjjsu', '7yYpdBMAFayztRrsZrujIs', '3jrzPocgZ2rExuGIDoPSAw', '0howlKdDZunwZKUHAhONTr', '3zeHdmXo195KoBqqHOO6A9', '2pBEKxyN0AKrGRl0doawiS', '0GxMs81J0Btl6CAX15SOfS', '1RsLjHQkCjfYjEm7ObYCZX', '1ZQytOrg4a5mzMSxfH7XaN', '0XRtlc4Rwbh9zmTLfXwAKg', '376xAtwfcN9LtfknfjIXDl', '6LpeaVCBUZfp9h6Sd7XTJF', '2nCdkeXjsB6DUSM5Gg8lyT', '2ww6vlXkh2Ntw3pZwtqnHj', '2WTx7KecEuYuCkHcyA6dLe']
5kywkECQwnIBHzst6DCQem|El Dorado|['3MqjsWDLhq8SyY6N3PE8yW']|['1uDNE0qUzC0Z0FKAfujZK6', '3OKPLqrfkKfGl3AXyEoaXG', '5WDJmlvTGQ6KAl7TXcfkH4', '7lZHZLJ87HFXani6EgEmcH', '7L6gqWN5IWUPI0St1Fo5RK', '0CzChJxTWacrptzr9i2VXM', '1v4ddg7JctrCd6qQWDBbEu', '0na5TlBiHyC9JJSObV2uXC', '125n71Fg2ER2pPI2IMatkA', '5s6WZqRNxAM0WDfQrC1IoA', '0F09cBueuGQlkviy6pl4S9', '4m0PeGDQ7mG75VFWncLPBu', '3LzoX836rnhcdta86iKtQP', '4VdlUpLON6N2f9DdFKnqWl', '6H2mvjgffKsR0ZlkyDK9gn', '5fKY5vIxKBeEE5ZcR7JuQr']
0Gm1JBgQzsiLKIiLuP7x8w|I & I Survived - Dub|['1oVj9JmPUPg4SQ2uerV2xc', '1aKAy6QfmE1qVmCGdHXYIv', '0d5SK495KA89GPlVpUAkoc', '0MqBPgM9ZeAvCSaZRgjzMs']|['7w6eiUtvVB7If5DYqY4KhB', '6ctj2SltUUQtFqEHLkPe1q', '0299P91mAYtV41VKMk5jzK', '6rgcLfYqsgVbN7bICgdKwk', '5xAeDbDA0QNFYVsn6qIVGU', '03BjVNtFemKc0orkWF4Nps', '2lSeZt7RM6HAne9tfyhGNA', '56C1YWyqVuVzjDCBQgBtds', '6Jn7KMT24gHjhoqDRPfqFt', '3edDhnNAf0lELlfzBjf8NW', '1obl5qMyXGwGeL43ysBxXH', '7rYHfqw0uGkK3e398JM7NC']
6SU266cW80cz2jYWERBB9V|Serie 2000|['3MqjsWDLhq8SyY6N3PE8yW']|['3XVQjV9TycpO9kOP0c4npB', '5kVcBZdXLvM73kuzFkhntj', '486DdvpYFNaRamOwjaRVBZ', '13p4iKjCp3Hz8I9r1EH2cU', '42niDZKu3yJgYIPTdGjU2n', '3UF4Igq0LikVpLcM6zx3Fe', '3tOgyatLnoCJKpbf5UUURs', '7eBg0445041Ie3GlHvmCaM', '0nhcdqB2tkB2jwiuSpRNw0', '7sw9normASoHpwG6glVnB7', '0bhiLNUcXcSbJ9k0AMGWLF', '6zCiwzcI1xlAPoZysAqMvY']
7APbv6PxpDylElrwf4NLrl|Same Space, Vol.2|['5IrHC0D40GHEPyhSNA6A4f']|['2WZ5UOKVje6h5w8eh8VkWQ', '1mzjAUPJMKWom33nHmg60V', '7649ffKQgMAhnUXfg08xch', '6I5bPCjPpxNvKnfluqBdFY']
3a3p5HA68dTM8DXQJ86S5x|Perlen|['3oHgkMmch5iJdxxcdejYI5']|['40zbv1bk7efBSQPFyP8Oc0', '4IQb6jUq9Ig9Jls0CfgdfP', '2wfrCcCd51bkCU9WabNtxV', '7DpFOFoYVOdyYtNYhTq67O', '034Q06rwu16IMvAzGvS72n', '57fADpzdJUSzmesQnmg0ro', '24czkF3fZKgP8cChMDvOnU', '305UQpchgY4NIHxZ0AAGIK', '6BPhUHbSMAO1ccmeJiCboa', '0wIl6n9vOYRP008ppEFn4n', '2wBYFmP9anb9bZVneedUu2', '3QuWWtMNORzSjFgRw5oWIm', '3sY39fLLw3iXM9DtMglKbG', '5d19uPc0LGoNXn9BRMuZjp', '0WX69v7qpgF5f9PzGcXA3t', '6SwnPyPIrmAFqGF9s8PHzB', '7j8jmC1fOak3okM4uy9sD9', '67YBrweqbJj4J5XgMi3baF', '3vCQfkqlngpI9s5D0soKco', '3BlML5zsucSXUYCeFPxlgA']
0X0qL7ZnidE06necxwQaOG|Con el Corazón en la Mano|['3MqjsWDLhq8SyY6N3PE8yW']|['4Ryw4hRhB8CPsG0It0UV6q', '0BoabOEm3YxzWoUI5V09rR', '6R2DVmaYnYHWQXCXXk6U0h', '7oWnxKp5Q96cxkdwRCjiCe', '4Q66Qi0kgjzFKMC18VJC8m', '3r7gB7pBkUbpZLOQw65hJT', '2vBqxPu7avAdk50UQIDfoa', '1ce38kk1IOxo3Qs6WkZ5XQ', '2cK2HLZUaamgHdlcyu6EMF', '5s8leOxkmChao5gkYEbIGf', '6UpDViQcreizBymMF8CiwK', '158aV8ygjhyT9OgVFcDrd9', '2pzzUdIGsPQPITiovdd7CI', '273O3xZNJMY486rrQeBIII', '2qDDh3ngOmuWRdnp3q6wll']
2Fh6PYThvFf0SFgwaRLJzp|The Quiet Side Of...|['3zL5MUHZLeAAM2ZTSKQr9w']|['0ffHxhSn74sW6KwBqG5oar', '27GXHxct199lblWkRSZtU8', '6zhq2EaBhtlWDeAGMRp1yb', '1tZLlveK5V67ipcL1lDMPO', '6n2k5kwk92dQlWEjrzGGww', '7mlxxdievw4ZfzJFsLFuym', '0VVwubbKbpYElDW50FbWQg', '47p040b3QHIStZp9H9W1ai', '2gsoO0GNEbrQmwZDih7Qti', '4KtpOXll71IYWMbZZyHRWi', '4q01kI5eUTxPJGgvwdHALB', '1HBI5qef4NULgeM4ops5jP']
4ZOvrMFP0H7s4Tf4Hfyojf|Exploration and Ascent|['0SUxs8Xj1u6jJA8AK9H4G1']|['1uYamFUKLe2mI3GShzV5bX', '1rRQyQ5ywvcALVcehV5BmT', '6nXGM0qMjAURKQUSDdjHxA', '5T9zsZ3dSaNM5zJUW5M4w3', '6c7CnWfahOGBLSUwl04eJE', '1l7n1MOdXSzlhlhy7ISTcz', '3jpupXlCEhnVUxHUqaq5WH', '6n6xet0GOSComuam91pwbo', '60ZIUiJdOJaKfAeXa2C4Ze', '6TfS96bCfxKmwsDRlYOi5T', '25Ef1Twcbt7pHP0duHzCKz']
3bCSdcnfigDBSD1aBopsqw|Daydream|['5PXZBfO4vUZQcbmO6EcQmn']|['6QmReNd5aOOJPw7FPC0vqx', '2lC9BaXsmzsNvk9TQIAkFU', '0WEVeNrMKAmpxsOz3YPKvZ', '0S3xU3yvToFQdP4AD3bdxu', '5MMK8GbUm0yWy3xUl7Lncw', '5WNPnBoLZRj8FQV2wGLJCP', '7kBevdEV2KauTVHHHejsQP', '52nIflomK0nsrQM24q0V8a', '4pO05iW5iDq2LGOlBThsY9', '5RydtKMdpGKUZahp17taft', '1WShFA8Jo5bNba7kDPvvvS', '2uKoll2LJ2jvlH1uCyuzEo', '0bjJ4bc9lYKvtNz8p9Fk7n']
6yc4iTn4StN8EhdbkHWhHW|The House of Tomorrow|['6RWjTQqILL7a1tQ0VapyLK']|['5lpe69pZrvHTBNedwj7tMI', '48hrI91nWsntltJfSrnM1w', '0aREmEqw2DXi3spAosIwg9', '3v3wMFE6g9Zr5I1IFejoWx', '1PWxXDxIAmU1DkjAfyPlMZ']
35aHmdJOnRuoToRBmKLGGu|RCA 100 Anos De Musica - Segunda Parte|['2T06whb4s6UiufL1j5Qtz9']|['0vJ2MIIZJma0nXMktxWDQb', '3bYVTW69sigbmOBLUl69aS', '21WuLSTW7T3GMXmF3GzVrl', '4vn5bMDlUOEENKneP8Dia2', '7haUXF4qQkHPW2dMJTncpo', '1boN7gj9S9AP85SmeDcZX5', '5UjTpaaZoDB3nu5gQbiFZf', '1yW3UvR1clmsCcmVGHJeII', '3wlAkf1Qs3ZJHhB4No5NW0', '3l1h3zeiZAJnjdgA4EdjCH', '68hqTPGFF45c3WuNOmLYM9', '6VqvNsG1A3jhuPsTbLfAL7', '0fBFlaBkv4Wi8NZjjhxvIU', '15JYmQedHVOYZoNWHvYhnS', '5qnskpKgT9RalG7otfhfa6', '5dCPekNHMdVWhXipt35fVL', '3yJW6OIAGLiAVZV8zyiUxj', '3857WXP3xym5MbNYQOfFpS', '3f7tCkcDsAUDApUjim95vA', '1YApK3yWp17G8fXJzmZ1jF', '0AhaEQ3YfzgFgaq34Jw55j', '6CIzSEwFPa4FoBR4Eiu0yB', '0S2XQjDEYAsg8NjKJUTEWV', '2V5ZPUFt6wXBXxjGSLkPxL', '0wv8hfzcGYqNZhsBF9fAfX', '4HUDj549o27tmGHTlcW3VL', '2sLsAkzPMZYVfVDNaSiUrO', '425u3hUI5LM6ZWyjMNqPSg', '4UyKiZshocdSX1FARiHDZ9', '2MR9x4bIabvoov3DTifPRA', '3Bu8GFi5HGdYg6G168o9kN', '4TPBlhsrnxxECaHJllmO1A', '4QuhRILdISHWPMpsXyiL7h', '3DpbFvZpoCTuDyFpz3lTxB', '15JzhKg85eLfcGJso0Lw73', '1391yduoirZoB4sgDs59y7', '10sYQL5lkV8tC5BkfzX3tI', '4EIdL90B2qC685d2n10wNN', '3II0wx5m5bqVlARovLxJDW', '1J8VIaAg3xuGEdIlOl8fYM']
3TkSGFZAq4iQtd8Fk2yoVg|Dare To Dream|['72qxDp6R6v22pai96pZioz']|['1RDcRh3Q0383xpAKWa6aoe', '37yDjYIK7Afrxk7lnnP1Ij', '1Qr3r7q5ELdhTHY1SY8hqm', '7uybj8kGcJGyslBdxMcqzQ', '1gLOB2DBPvG1Jrupdj9PRc', '5Cgw0JI7RzG1MmrAvBmN90', '2M2sblOGxW7bxOaAF7kwdT', '3quYqWrU10YtI8D3VZV37a', '3qxazeYDnYOyxbCDLCBoPs', '0QhhbEnEiLfeONCbSfo2W4', '3QXbrdDRFPWvo7DALWbaAU', '0uDhixMZweWS5S4rEx56Ii']
1vU1r8EpcqRfnMBGWH1ABi|And, the story goes on|['7eqKw49xqL4O5rSRGnUJBX']|['4HIUStrqztSGzQorWvOn6b']
6mIyViyBHV4eoQqI4JZByh|The Boy Is Mine|['6nzxy2wXs6tLgzEtqOkEi2']|['3GkclSNFTsqpTZJhzK9FCy', '1RZreUy6eWMEc33cFJprqe', '0zpNBKAlZ6LCIFXospzLV1', '5rWzxloNXvbRPhlC1O2b6T', '2uvleQRrxdxouiXE6BFZaW', '1AM1o0mKbgAK5oMpY8B3Z7', '5KH2Yp7gFyGo04Eaus3Col', '7uTU17dr9MzTYo639ifHrQ', '4tsWLrLl3OMTVlsAIQJ5zC', '6jw6FmzPpfZmp0wHR65lGJ', '6MQ7NB5BMFxxjpH6w0slHM', '2eF38XLPtmREb3l0t3hM91', '2b29qJRy4asbQNFjPO96XC']
4js3JAU4F9I0iBMGHzEOvn|Tabú|['5M9Bb4adKAgrOFOhc05Y50', '4npEfmQ6YuiwW1GpUmaq3F']|['471HeGJPKw07MObixON0Um']
02IWlpaz5c17t21cs0PW9L|Chain Gang Of Love|['3LTXHU3DhiYzGIgF2PP8Q8']|['1jE4PO9ObgAiDAXpnNJFVB', '0xkoAWPy3JnVTnDqPPgy0h', '0fXPrbLgWmgZI81oF5Knxx', '0ZA0RQ3wjWHjatqViLSTwo', '0U1VQmGIderaVxoESXQgqO', '4WNOiW3NaTrztMiini3UIw', '1wwjhKqUIESlXze58oyHmD', '1VoohZVlueQqVq01QkFXD2', '660Q1v9c2itxSCiu2yRe2N', '2TsC0VwOQpbuQ5GTbgmzSb', '69vMu6KPWeIkXTdrEPBXND', '63fXOFjNb5EABljfXOtEr3', '5HVoc7MXvpOmNHmBY07Xaf']
7aDBFWp72Pz4NZEtVBANi9|Butterfly|['4iHNK0tOyZPYnBU7nGAgpQ']|['5NaOWLOmVjcA3M5spRATN9', '3hp4ojt7tHLWwz6SaR7vkw', '3RSpK5Y0y5tl25qvssrwJ6', '4gNeiiz86Y5wekGwfIybXW', '1YisXNr4DPHcPB4v5XfQ0t', '6iUlUzSGZzKtlCvQ3wCVZD', '2Me3nF2ee0DCQ0MXuMxaGj', '0sFTeQMlO1jJgxyfdDrAZl', '2PWnjWaIVuDeT4mXZgHWgR', '4EmUMZZlRubBd1q97ik0m3', '6t0c7t14prrgAZ0yLXMlrv', '5bRQLbNUqL8jx07dal6JHZ']
2lCbb5vW8kIWOuXPBKsRUV|Atomic|['5mgr0FFpvy267wKVAYg8qp']|['34x9tprgAnmqhKutPK01gP', '3K7MzJjZqNolrCyxdUTkZp', '7aAkkfvr5JRJOuEakbz8TL', '4eKvQNmjJCrYHKVjcTLCBr', '3kMQWY6mJKjVUMGHOVFNBL', '4yz42ygCiPlfe2qN7gm69e', '5qwsb1gv8VYH92nR3LUQ32', '0hhnLEdadg6frjKDMEB0XJ', '4s1wFjsZtBtIsbzztb1U2V', '1u8Svp22BlTtlKRhZ9dNs9', '181ZZJGGKvWq7XOu18NgPI', '7jSnB9L4WNekpygxDFfdwp', '4aQ0Ay5BP6oSylwU3uZqiY']
06q713vQk6OonW1OFi08UJ|Cousteau|['6CKIxoIZhY2vZm6fQZFevA']|['6IsiQGePmMq2tHFS1e9FAf', '5SvaVaOTPyHgSKXyJjJeMS', '7IF0V3GWpykg3rgs1aEl7X', '3wVLd5wkscb9IClTpaY7Rz', '6PneuUyZWd8jfbP6ofsmAz', '7LFZS1KUp4Us3tJWENyi2j', '2zDFhZFgDYFcjUpuwsASjv', '7iBi3u8FAl9mNIORI07hYI', '7Ea2hLM4zj4KJ1SMCkr2xd', '6pSeZBcqu83lqsfrN73lqo', '4HPjildcy4c9HBBcr3jdkm']
7zBue2Vuzg4Z3ncRXaIkJg|Celebrity|['6Ff53KvcvAj5U7Z1vojB5o']|['0Jc8qF1mUPo1A96HE9QxZz', '2YHvWvFFH53lpG96eijEe9', '7GyofbVZe4gfyzimhxmDC4', '6u5flhVFxKZrl9AApvf2SL', '3Djw4KjA9eO0TxrIUaGNwq', '4CCUjYJPbSXLL23BFeBVbI', '6Pgxy1B32OlEGT8i3ccrlZ', '3ME2tArFXJxO2BJrmsGUrE', '0x0KmsdyPlkBlBjvpoOh9h', '78WtQgnzUKImvnUFhvIUcQ', '1avh9cngo4HAUMcOG7EaQU', '2hXhC1nZ5GeEmjbQOshHSI', '2SJtvzCSpgdcB4QUqU9kYB']
6PfDc8wI3fcV3TtqVRpUUP|The Bottesini Collection, Vol. 2|['2kEtbjjWmfQuxjpXsAuHjZ']|['1x5VzLB4obUwN5cEGl4IPU', '1PGydRpDWUie40qpDaKRBQ', '1Z1jRoNv19HVEx6v8xjqE0', '2lARgekDaGU3wiI3p9FLm0', '2OVVT2mpxUKpz7p7URzeTM', '2focaTWxbMjOajKL20aGVg', '0OZAlbgw8e5JxzKOZazl5v', '2N2v7Md9AGc7x6SxvoGJ2q', '2REztjXFgvNwQQodlYsV6H', '7sxV6CE8PxDukqA0UXM6Ej', '78kOm1bEtmkILx1SOolEsO']
1BsYAt63QqAQ5QDrmYHyDf|Happy Nowhere|['0ymKv4fh2eBhPT9HLTu8yH']|['4V8l8ecRXNJiZcs2ukkt4H', '4l1W5SkH8EJJ9RQEq6UFMW', '47H9BfuybEOX0hANsVe8vl', '6Km0VcUSjOc7pdbvheYSXK', '2jebwDSfR3nGxpnVxOujgw', '2MhaXhtZTpY4xcBIlWvtiH', '6STijHTUSPZd1txnbE9c94', '0m2nSX4JVWabT1TMCYcg03', '6BxzZdT5Mu296SivrGchGr', '6ZsEs8DsGJiiHQ3DQ7ayq6', '2LmE9PrHcmp0JY7QXHZDpt', '0HUejVGOQJniiuBzoMpsi4', '50yhAEDzE0cNY6u2iSj8s6']
2xAmCU4FBfYeqsTKqwd5Gn|Everything Must Go|['2uH0RyPcX7fnCcT90HFDQX']|['44m4mFc1zUwbIIUBEG2wig', '6yy86G8QrQYaYuOqsEP4IE', '19AdAxo19oXg46iNccOpec', '1e1jq13Fv5eiqnc4UrjtcP', '0MGaPxUd7vdwG5DlfTYEhp', '05RUMGtWRJTkb76WKImx26', '3sgs8ryTzsFVPa1pgNT3Nd', '7y59lRjsqgRu87aOUpJFlW', '6vA31rlfhS0XNVF29Z7YOz', '39SPohaRWdqQW8RaRU9hSh', '5UhBDy7NAa2rYxGxqDiL4w', '05PAtNuKdc5p0W5Q0mLgiA']
2aO4ZbunEAG1iaw45Aiosv|Horrorscope|['4Eqd24yS5YcxI8b6Xfuwr8']|['5EMonOPcEHIOXK1QOGr4QA', '5mqEL5pgnDCcWtTWpAofIV', '2L50S184moxNmEiJe00zzP', '3DUGWLHFA5B0dI80WhnL9F', '4tgeQrPu5xkrnwErym2JsJ', '6AGTsYXO0IcJuw0k2iCr6N', '0yHcUDpMXyODu26hbXFZTW', '73JSlkMwGxPQr0rYylbIDi', '65PSBrWwQpadwkvO6weZel', '0QPpSmcyPTWpqoeDI4QoXw', '5GDlyHcreN7wyWuRkT3Zn9', '6IvexFioAvOtwZaXyuKnbi']
6IAT88ZYeFZEszIUZ1gUUH|The Ghosts That Haunt Me|['1YEGETLT2p8k97LIo3deHL']|['3C0Ze98fGmHG0djUAAFgTH', '1CQT5TV1P1D8XLYGIltBQO', '3lcP1anKWxdp6IRNF9vGhu', '0pKkgyJ0NQFR3iAyPOnNQ5', '4c1k8RXVHEisSf7E81Qe37', '1BvuzkxMBUiQxRmI0Yc6tY', '4WzPdjfzvX8wmnqgirxEIa', '2UCM6eE890qes7fsccRnSo', '25IWH3gDWleOSCIrj6Pe8Y', '31FjjDEGSZLkMVgXcMXBeM']
4BcmNEt6VK0KBVsVY8yClD|The Madding Crowd|['306JHpIRGVaQd6OltnOzUO']|['1LiFvnU68FDR7JKTdxgcvD', '3mNecsYFb6LQg7822DPXCP', '0yA6uXukVZbi29GcmtK6i5', '3ttCUEHcvNK6NUFfvCYOBI', '0FPkXa2B8vW5fzMUFXKRLs', '5bVHpX4btY7dGuDJnHSA8x', '20lRBjFTr5e6nUOTImWd5A', '6tDQmhY2baj9sYvq2p0ONe', '2hUcZzRX9LDWxbImMDCNEN', '3Fi7isVPleZ4BKaTLLiEPO', '6vjkHnvOYzHJ9OMLQkcCMS', '0FPVABaP6sfP9xXNjVQIZh']
0CEV7FjDocoEpkGh5THCqw|Love|['7obdmuirClkgU94pcUy05m']|['3W0cUEHHziUjCafXrKSpPl', '7wscWXTxSCOTyN1639ukgK', '4n7Mq1B3v3DmFe3wP3myj3', '5MiqmgjhVLNYYDFQM7XYIz', '0MF0AxFiA2Fdg8pNyOB8vK', '3lP7g4QikbzN3FUKPdwX4K', '2aGGhnqymOdfWHtpBABvjh', '5qOgCMK6hlfTnhpUad0yj4', '0LopMe8S0FN4E3uF32ZQ1a', '3NjAWnf4SIPA1imAQFNjw8', '0xhjMj3OSDLsSzIni4up9g', '6hLiurqCtJDXwhltulliw3', '3d7ccUNP43CXr45eoA2qKV', '22QK4vQR6DM9evaB4JNCZn']
6eW8RSaJVFcCgV7DuLWVan|In Reverse|['2idymNTKUdnTxforkb12Mw']|['108Wid7o0TXavjy9MTSdYI', '2QyFhSLwA4dkjDoXO7caeW', '0faWYdgkqmDH6EsKzCMsva', '5KIZr9MPaQJxBbVgis73Nm', '0nrkjBXGGQXfAoqs6KkJKQ', '3HQfLOQMZlwleTreE72KHd', '2Iu3dnOIuzDjBrkmbLMJpx', '3M0zK306pF7GKlKkwyj6Vc', '489lhdnVKKd7mNIbwrzcko', '5JIIhm6MbCvde7XyZcCenq', '1l1AkQSf7wwS6ir2jiAFWL', '6pUEgowecz6VoxBq9DAXNH', '07Sgg5BBgmC1qnkjTbHPGX', '66hjtaVBwgqnaLCSVZBbwg']
2i0FYluv07H7lej0FR4rKO|II - MMX|['5lHhbrX9ll4e8ilhvLzzI6']|['6KrayEkqbNBypr3nWYBry2', '2QRHhcVZTaQ5VL129352Pt', '2fjOwovOnEb6kbwcR19iQk', '5ZWWxZES5ulAlm4RtXRlz2', '37tWLZxQPBjTu8SHPwPLbB', '6U9s2wzlw2BzSB4AVWTOMA', '1NdBFewdVcrT6W9nbCGYN0', '7ajOV29u0JrNrgB7teTGUs']
